cell_id,task_id,condition,seed,original_response_sha256,original_response_byte_length,method1_evaluated_artifact_sha256,method1_candidate_hash,method1_raw_response_sha256,method1_artifact_vs_candidate_differ,method2_raw_source_sha256,method2_raw_source_actual_sha256_recomputed,method2_final_source_sha256,method2_extraction_method,method2_extraction_status,source_byte_length_method2_raw,parse_status_method2_raw,method1_final_status,method1_g1_parse,method1_eligibility_record_exists,method2_raw_status,status_changes,method1_eligibility_source_present,method1_healer_eligible,method1_eligibility_reason,method1_matched_rule_probe,method2_eligible,method2_rule_id,method2_rule_triggered,method2_source_changed_flag,artifact_vs_m2raw_source_differ,candidate_vs_m2raw_source_differ,eligibility_only_diff,classification
qwen3_5_4b__ce111_nonchoice_q01_part1_exponential_growth__ab1__seed_2026071301,ce111_nonchoice_q01_part1_exponential_growth,ab1,2026071301,047b4471bcfe02e94c9ff7d6d60c4209f2bbf614c75a5931c99373b02e390609,436,c010c7682a9a7dd0382e4721366238db6f0a533913c21e6c01201678825a882f,047b4471bcfe02e94c9ff7d6d60c4209f2bbf614c75a5931c99373b02e390609,047b4471bcfe02e94c9ff7d6d60c4209f2bbf614c75a5931c99373b02e390609,True,047b4471bcfe02e94c9ff7d6d60c4209f2bbf614c75a5931c99373b02e390609,047b4471bcfe02e94c9ff7d6d60c4209f2bbf614c75a5931c99373b02e390609,047b4471bcfe02e94c9ff7d6d60c4209f2bbf614c75a5931c99373b02e390609,plain_text,extracted,436,parses_ok,FAILED,PASS,True,FAILED,False,True,False,No frozen allowlist rule triggered.,,False,,False,False,True,False,False,equivalent_extraction
qwen3_5_4b__ce111_nonchoice_q01_part1_exponential_growth__ab1__seed_2026072001,ce111_nonchoice_q01_part1_exponential_growth,ab1,2026072001,eb09044eec18707421aa6150422097476d98c1cb8a9dcb34a49e7f6c4016ff5b,616,825fdd5408a555682d4d23e41a23408317f2c2231710ad4c70bcbb55b5fc2e58,eb09044eec18707421aa6150422097476d98c1cb8a9dcb34a49e7f6c4016ff5b,eb09044eec18707421aa6150422097476d98c1cb8a9dcb34a49e7f6c4016ff5b,True,eb09044eec18707421aa6150422097476d98c1cb8a9dcb34a49e7f6c4016ff5b,eb09044eec18707421aa6150422097476d98c1cb8a9dcb34a49e7f6c4016ff5b,eb09044eec18707421aa6150422097476d98c1cb8a9dcb34a49e7f6c4016ff5b,plain_text,extracted,616,parses_ok,FAILED,PASS,True,FAILED,False,True,False,No frozen allowlist rule triggered.,,False,,False,False,True,False,False,equivalent_extraction
qwen3_5_4b__ce111_nonchoice_q01_part1_exponential_growth__ab1__seed_2026072002,ce111_nonchoice_q01_part1_exponential_growth,ab1,2026072002,f2bdc879c324b192e70942df60b83f86a0861be32cc32f9c132ffd84450a957d,452,bb80931bcbabf0353d22dd6fba52f2b689d33cd5922c197c5b3a00990312e628,f2bdc879c324b192e70942df60b83f86a0861be32cc32f9c132ffd84450a957d,f2bdc879c324b192e70942df60b83f86a0861be32cc32f9c132ffd84450a957d,True,f2bdc879c324b192e70942df60b83f86a0861be32cc32f9c132ffd84450a957d,f2bdc879c324b192e70942df60b83f86a0861be32cc32f9c132ffd84450a957d,f2bdc879c324b192e70942df60b83f86a0861be32cc32f9c132ffd84450a957d,plain_text,extracted,452,parses_ok,FAILED,PASS,True,FAILED,False,True,False,No frozen allowlist rule triggered.,,False,,False,False,True,False,False,equivalent_extraction
qwen3_5_4b__ce111_nonchoice_q01_part1_exponential_growth__ab1__seed_2026072003,ce111_nonchoice_q01_part1_exponential_growth,ab1,2026072003,aea0f64e314b3a744a4640c5c82cdea3aec0334248be2655882c20cdebc45c17,1104,5f978ace72f07ec60fe1fa61fbbb2132516605aed91c88fcb0bc4d28868c4d32,aea0f64e314b3a744a4640c5c82cdea3aec0334248be2655882c20cdebc45c17,aea0f64e314b3a744a4640c5c82cdea3aec0334248be2655882c20cdebc45c17,True,aea0f64e314b3a744a4640c5c82cdea3aec0334248be2655882c20cdebc45c17,aea0f64e314b3a744a4640c5c82cdea3aec0334248be2655882c20cdebc45c17,aea0f64e314b3a744a4640c5c82cdea3aec0334248be2655882c20cdebc45c17,plain_text,extracted,1104,parses_ok,FAILED,PASS,True,FAILED,False,True,False,No frozen allowlist rule triggered.,,False,,False,False,True,False,False,equivalent_extraction
qwen3_5_4b__ce111_nonchoice_q01_part1_exponential_growth__ab1__seed_2026072004,ce111_nonchoice_q01_part1_exponential_growth,ab1,2026072004,cd0ede34e571c19b0f2530eccb3c00d70599e9952f73b56f01178b3b72f48d86,657,f947ae88402abf602197a5bf76023f2a2e6bc387f13f16f81ea29c80c1814372,cd0ede34e571c19b0f2530eccb3c00d70599e9952f73b56f01178b3b72f48d86,cd0ede34e571c19b0f2530eccb3c00d70599e9952f73b56f01178b3b72f48d86,True,cd0ede34e571c19b0f2530eccb3c00d70599e9952f73b56f01178b3b72f48d86,cd0ede34e571c19b0f2530eccb3c00d70599e9952f73b56f01178b3b72f48d86,cd0ede34e571c19b0f2530eccb3c00d70599e9952f73b56f01178b3b72f48d86,plain_text,extracted,657,parses_ok,FAILED,PASS,True,FAILED,False,True,False,No frozen allowlist rule triggered.,,False,,False,False,True,False,False,equivalent_extraction
qwen3_5_4b__ce111_nonchoice_q01_part1_exponential_growth__ab2d__seed_2026071301,ce111_nonchoice_q01_part1_exponential_growth,ab2d,2026071301,1fe1222a4105e6b917e21fa5a3541178631c9bb87b1665ddcf5100b390104a42,1216,84436147e316c03d34ef247593813ba2de9068596a45a637dca8f76db6ec9410,1fe1222a4105e6b917e21fa5a3541178631c9bb87b1665ddcf5100b390104a42,1fe1222a4105e6b917e21fa5a3541178631c9bb87b1665ddcf5100b390104a42,True,1fe1222a4105e6b917e21fa5a3541178631c9bb87b1665ddcf5100b390104a42,1fe1222a4105e6b917e21fa5a3541178631c9bb87b1665ddcf5100b390104a42,1fe1222a4105e6b917e21fa5a3541178631c9bb87b1665ddcf5100b390104a42,plain_text,extracted,1216,syntax_error,FAILED,PASS,True,FAILED,False,True,False,No frozen allowlist rule triggered.,,False,,False,False,True,False,False,extraction_abstain_difference
qwen3_5_4b__ce111_nonchoice_q01_part1_exponential_growth__ab2d__seed_2026072001,ce111_nonchoice_q01_part1_exponential_growth,ab2d,2026072001,b67e98dabcf4af7a9419ef786a3c553723dc4ee6ff09b24a023e6e651ece1a57,1402,08732319688d1551d8c5e539a45338a155118dfd74821fbbd22efb921cd87844,b67e98dabcf4af7a9419ef786a3c553723dc4ee6ff09b24a023e6e651ece1a57,b67e98dabcf4af7a9419ef786a3c553723dc4ee6ff09b24a023e6e651ece1a57,True,b67e98dabcf4af7a9419ef786a3c553723dc4ee6ff09b24a023e6e651ece1a57,b67e98dabcf4af7a9419ef786a3c553723dc4ee6ff09b24a023e6e651ece1a57,b67e98dabcf4af7a9419ef786a3c553723dc4ee6ff09b24a023e6e651ece1a57,plain_text,extracted,1402,syntax_error,FAILED,PASS,True,FAILED,False,True,False,No frozen allowlist rule triggered.,,False,,False,False,True,False,False,extraction_abstain_difference
qwen3_5_4b__ce111_nonchoice_q01_part1_exponential_growth__ab2d__seed_2026072002,ce111_nonchoice_q01_part1_exponential_growth,ab2d,2026072002,0a9ee95e33325819750d81a8378c368b9298de836474aa1729ffd2728450020d,1633,b8ff64b63f8d08d5cccbc2fa985c74e609263d70349f1ffaaeb596c1b610d77a,0a9ee95e33325819750d81a8378c368b9298de836474aa1729ffd2728450020d,0a9ee95e33325819750d81a8378c368b9298de836474aa1729ffd2728450020d,True,0a9ee95e33325819750d81a8378c368b9298de836474aa1729ffd2728450020d,0a9ee95e33325819750d81a8378c368b9298de836474aa1729ffd2728450020d,0a9ee95e33325819750d81a8378c368b9298de836474aa1729ffd2728450020d,plain_text,extracted,1633,parses_ok,FAILED,PASS,True,FAILED,False,True,False,No frozen allowlist rule triggered.,,False,,False,False,True,False,False,equivalent_extraction
qwen3_5_4b__ce111_nonchoice_q01_part1_exponential_growth__ab2d__seed_2026072003,ce111_nonchoice_q01_part1_exponential_growth,ab2d,2026072003,f12bdad9237477bfc45baa5f69d8a0140dc300dac106a4478f36e16ca9717b86,1838,a3097ad170aa2b3640559eff7ac1f531a094b7258eacc5320f0797a60d65bdd0,f12bdad9237477bfc45baa5f69d8a0140dc300dac106a4478f36e16ca9717b86,f12bdad9237477bfc45baa5f69d8a0140dc300dac106a4478f36e16ca9717b86,True,f12bdad9237477bfc45baa5f69d8a0140dc300dac106a4478f36e16ca9717b86,f12bdad9237477bfc45baa5f69d8a0140dc300dac106a4478f36e16ca9717b86,f12bdad9237477bfc45baa5f69d8a0140dc300dac106a4478f36e16ca9717b86,plain_text,extracted,1838,parses_ok,FAILED,PASS,True,FAILED,False,True,False,No frozen allowlist rule triggered.,,False,,False,False,True,False,False,equivalent_extraction
qwen3_5_4b__ce111_nonchoice_q01_part1_exponential_growth__ab2d__seed_2026072004,ce111_nonchoice_q01_part1_exponential_growth,ab2d,2026072004,88ba60451e08eb0d009c3edd9cb08c1cb0d6128ed84a244e16b0a1132281bea5,1183,2a44e952522407b2e7a0cb4df7264e487927aec44da91545e751dfaa62819f25,88ba60451e08eb0d009c3edd9cb08c1cb0d6128ed84a244e16b0a1132281bea5,88ba60451e08eb0d009c3edd9cb08c1cb0d6128ed84a244e16b0a1132281bea5,True,88ba60451e08eb0d009c3edd9cb08c1cb0d6128ed84a244e16b0a1132281bea5,88ba60451e08eb0d009c3edd9cb08c1cb0d6128ed84a244e16b0a1132281bea5,88ba60451e08eb0d009c3edd9cb08c1cb0d6128ed84a244e16b0a1132281bea5,plain_text,extracted,1183,parses_ok,FAILED,PASS,True,FAILED,False,True,False,No frozen allowlist rule triggered.,,False,,False,False,True,False,False,equivalent_extraction
qwen3_5_4b__ce111_nonchoice_q01_part1_exponential_growth__ab2d_spec_v2__seed_2026071301,ce111_nonchoice_q01_part1_exponential_growth,ab2d_spec_v2,2026071301,07e7426f63e80306f6c0460692c9f5a8d3a015439f694fa1aeb0e6914b38e473,1650,585b8e93462ec20a57675634f48da15e7f8328121feec6ac6b5381a1b459b60f,07e7426f63e80306f6c0460692c9f5a8d3a015439f694fa1aeb0e6914b38e473,07e7426f63e80306f6c0460692c9f5a8d3a015439f694fa1aeb0e6914b38e473,True,07e7426f63e80306f6c0460692c9f5a8d3a015439f694fa1aeb0e6914b38e473,07e7426f63e80306f6c0460692c9f5a8d3a015439f694fa1aeb0e6914b38e473,07e7426f63e80306f6c0460692c9f5a8d3a015439f694fa1aeb0e6914b38e473,plain_text,extracted,1650,parses_ok,PASSED,PASS,False,PASSED,False,False,,,,False,,False,False,True,False,False,equivalent_extraction
qwen3_5_4b__ce111_nonchoice_q01_part1_exponential_growth__ab2d_spec_v2__seed_2026072001,ce111_nonchoice_q01_part1_exponential_growth,ab2d_spec_v2,2026072001,573171adbaf4f135dd915bd02e01889ae3b8117992376e16572845190c9de69f,2173,7bda845cd8fa76578d4c3a91a7e7ca1d0c4fd8e6a5296c50b601363e1021cd54,573171adbaf4f135dd915bd02e01889ae3b8117992376e16572845190c9de69f,573171adbaf4f135dd915bd02e01889ae3b8117992376e16572845190c9de69f,True,573171adbaf4f135dd915bd02e01889ae3b8117992376e16572845190c9de69f,573171adbaf4f135dd915bd02e01889ae3b8117992376e16572845190c9de69f,573171adbaf4f135dd915bd02e01889ae3b8117992376e16572845190c9de69f,plain_text,extracted,2173,parses_ok,PASSED,PASS,False,PASSED,False,False,,,,False,,False,False,True,False,False,equivalent_extraction
qwen3_5_4b__ce111_nonchoice_q01_part1_exponential_growth__ab2d_spec_v2__seed_2026072002,ce111_nonchoice_q01_part1_exponential_growth,ab2d_spec_v2,2026072002,99d4b7480cf7725866b74cc6d3750ca910b5a3f31ddcc7ed6ccf4078ebde9004,1017,e2e1044e6fdfe4e95a7337056e189d6ac6ae4445ff686d60fdfb946e896c259f,99d4b7480cf7725866b74cc6d3750ca910b5a3f31ddcc7ed6ccf4078ebde9004,99d4b7480cf7725866b74cc6d3750ca910b5a3f31ddcc7ed6ccf4078ebde9004,True,99d4b7480cf7725866b74cc6d3750ca910b5a3f31ddcc7ed6ccf4078ebde9004,99d4b7480cf7725866b74cc6d3750ca910b5a3f31ddcc7ed6ccf4078ebde9004,99d4b7480cf7725866b74cc6d3750ca910b5a3f31ddcc7ed6ccf4078ebde9004,plain_text,extracted,1017,parses_ok,PASSED,PASS,False,PASSED,False,False,,,,False,,False,False,True,False,False,equivalent_extraction
qwen3_5_4b__ce111_nonchoice_q01_part1_exponential_growth__ab2d_spec_v2__seed_2026072003,ce111_nonchoice_q01_part1_exponential_growth,ab2d_spec_v2,2026072003,e64280e000aa1a84e6f6ddb127eb4221d57771715e01670dd34ffcd8d89f16e8,1010,2c88862fc19172c1d2cb5316395f5dcd23d9cde86b7ea30100e0773fe05ad040,e64280e000aa1a84e6f6ddb127eb4221d57771715e01670dd34ffcd8d89f16e8,e64280e000aa1a84e6f6ddb127eb4221d57771715e01670dd34ffcd8d89f16e8,True,e64280e000aa1a84e6f6ddb127eb4221d57771715e01670dd34ffcd8d89f16e8,e64280e000aa1a84e6f6ddb127eb4221d57771715e01670dd34ffcd8d89f16e8,e64280e000aa1a84e6f6ddb127eb4221d57771715e01670dd34ffcd8d89f16e8,plain_text,extracted,1010,parses_ok,PASSED,PASS,False,PASSED,False,False,,,,False,,False,False,True,False,False,equivalent_extraction
qwen3_5_4b__ce111_nonchoice_q01_part1_exponential_growth__ab2d_spec_v2__seed_2026072004,ce111_nonchoice_q01_part1_exponential_growth,ab2d_spec_v2,2026072004,0e6b643a5109927664cdaaf49699e20cb1eeba2c6512531aab221f41343aa9fc,2155,b10cdeb325e5be42843f58b34f56f769e85c65d30e7edcef954f5275521b4721,0e6b643a5109927664cdaaf49699e20cb1eeba2c6512531aab221f41343aa9fc,0e6b643a5109927664cdaaf49699e20cb1eeba2c6512531aab221f41343aa9fc,True,0e6b643a5109927664cdaaf49699e20cb1eeba2c6512531aab221f41343aa9fc,0e6b643a5109927664cdaaf49699e20cb1eeba2c6512531aab221f41343aa9fc,0e6b643a5109927664cdaaf49699e20cb1eeba2c6512531aab221f41343aa9fc,plain_text,extracted,2155,parses_ok,PASSED,PASS,False,PASSED,False,False,,,,False,,False,False,True,False,False,equivalent_extraction
qwen3_5_4b__ce111_nonchoice_q01_part1_exponential_growth__ab2g__seed_2026071301,ce111_nonchoice_q01_part1_exponential_growth,ab2g,2026071301,f9229f9844d17dc93ca57c7f8656ab41d79d6544bb14da61215f49a845ad2bac,7251,3efba2aa1efd0c68ac37e026a04acd97ba65826be0e42fcc4ce704d8d19fc769,f9229f9844d17dc93ca57c7f8656ab41d79d6544bb14da61215f49a845ad2bac,f9229f9844d17dc93ca57c7f8656ab41d79d6544bb14da61215f49a845ad2bac,True,f9229f9844d17dc93ca57c7f8656ab41d79d6544bb14da61215f49a845ad2bac,f9229f9844d17dc93ca57c7f8656ab41d79d6544bb14da61215f49a845ad2bac,f9229f9844d17dc93ca57c7f8656ab41d79d6544bb14da61215f49a845ad2bac,plain_text,extracted,7251,parses_ok,FAILED,PASS,True,FAILED,False,True,False,No frozen allowlist rule triggered.,,False,,False,False,True,False,False,equivalent_extraction
qwen3_5_4b__ce111_nonchoice_q01_part1_exponential_growth__ab2g__seed_2026072001,ce111_nonchoice_q01_part1_exponential_growth,ab2g,2026072001,f3490b04a8183f69eb6d35bba2184f54ebfb015b81f2e962f268d659a6bf6ded,3592,a71298aad3543dd878d8dcca4a4af6b0d2abf302c7f4519dfe05b07b8a89bc4d,f3490b04a8183f69eb6d35bba2184f54ebfb015b81f2e962f268d659a6bf6ded,f3490b04a8183f69eb6d35bba2184f54ebfb015b81f2e962f268d659a6bf6ded,True,f3490b04a8183f69eb6d35bba2184f54ebfb015b81f2e962f268d659a6bf6ded,f3490b04a8183f69eb6d35bba2184f54ebfb015b81f2e962f268d659a6bf6ded,f3490b04a8183f69eb6d35bba2184f54ebfb015b81f2e962f268d659a6bf6ded,plain_text,extracted,3592,parses_ok,FAILED,PASS,True,FAILED,False,True,False,No frozen allowlist rule triggered.,,False,,False,False,True,False,False,equivalent_extraction
qwen3_5_4b__ce111_nonchoice_q01_part1_exponential_growth__ab2g__seed_2026072002,ce111_nonchoice_q01_part1_exponential_growth,ab2g,2026072002,1d9fdbd98400f44a7d92c8bf6b5b7d579926d585badc63d25b8351d74d1d05ad,920,9f2ba1aefec254dfaad6b0408b8a9783d70aea8850eae8b2a4fc0aed4e438652,1d9fdbd98400f44a7d92c8bf6b5b7d579926d585badc63d25b8351d74d1d05ad,1d9fdbd98400f44a7d92c8bf6b5b7d579926d585badc63d25b8351d74d1d05ad,True,1d9fdbd98400f44a7d92c8bf6b5b7d579926d585badc63d25b8351d74d1d05ad,1d9fdbd98400f44a7d92c8bf6b5b7d579926d585badc63d25b8351d74d1d05ad,1d9fdbd98400f44a7d92c8bf6b5b7d579926d585badc63d25b8351d74d1d05ad,plain_text,extracted,920,parses_ok,FAILED,PASS,True,FAILED,False,True,False,No frozen allowlist rule triggered.,,False,,False,False,True,False,False,equivalent_extraction
qwen3_5_4b__ce111_nonchoice_q01_part1_exponential_growth__ab2g__seed_2026072003,ce111_nonchoice_q01_part1_exponential_growth,ab2g,2026072003,255747cc83aa321f8be63a3a114e9c69ff42d05d0828629a9545ddede71bb217,3478,aa94436a1faf164899c57de4ea8be0191511671cb4b3847f5e14317716db3a08,255747cc83aa321f8be63a3a114e9c69ff42d05d0828629a9545ddede71bb217,255747cc83aa321f8be63a3a114e9c69ff42d05d0828629a9545ddede71bb217,True,255747cc83aa321f8be63a3a114e9c69ff42d05d0828629a9545ddede71bb217,255747cc83aa321f8be63a3a114e9c69ff42d05d0828629a9545ddede71bb217,255747cc83aa321f8be63a3a114e9c69ff42d05d0828629a9545ddede71bb217,plain_text,extracted,3478,parses_ok,FAILED,PASS,True,FAILED,False,True,False,No frozen allowlist rule triggered.,,False,,False,False,True,False,False,equivalent_extraction
qwen3_5_4b__ce111_nonchoice_q01_part1_exponential_growth__ab2g__seed_2026072004,ce111_nonchoice_q01_part1_exponential_growth,ab2g,2026072004,93b53e8ecc5f9453d3b391caa8a401c0c9d353bbbc3c6b717bedfe99330d7e30,2611,c1b1981fca7a98f1d21dce2114e8b0402823ed3358b506217f8a68f0e51cc299,93b53e8ecc5f9453d3b391caa8a401c0c9d353bbbc3c6b717bedfe99330d7e30,93b53e8ecc5f9453d3b391caa8a401c0c9d353bbbc3c6b717bedfe99330d7e30,True,93b53e8ecc5f9453d3b391caa8a401c0c9d353bbbc3c6b717bedfe99330d7e30,93b53e8ecc5f9453d3b391caa8a401c0c9d353bbbc3c6b717bedfe99330d7e30,93b53e8ecc5f9453d3b391caa8a401c0c9d353bbbc3c6b717bedfe99330d7e30,plain_text,extracted,2611,parses_ok,FAILED,PASS,True,FAILED,False,True,False,No frozen allowlist rule triggered.,,False,,False,False,True,False,False,equivalent_extraction
qwen3_5_4b__ce111_q02_polynomial_division_remainder__ab1__seed_2026071301,ce111_q02_polynomial_division_remainder,ab1,2026071301,78e9d2ef679667a0928ae42e853c7db61c5cfc637ccae89c0665464405627c16,325,45519d5dfb852814a33843059eb721c6794de47174217e20ad65338f3ef627ed,78e9d2ef679667a0928ae42e853c7db61c5cfc637ccae89c0665464405627c16,78e9d2ef679667a0928ae42e853c7db61c5cfc637ccae89c0665464405627c16,True,78e9d2ef679667a0928ae42e853c7db61c5cfc637ccae89c0665464405627c16,78e9d2ef679667a0928ae42e853c7db61c5cfc637ccae89c0665464405627c16,78e9d2ef679667a0928ae42e853c7db61c5cfc637ccae89c0665464405627c16,plain_text,extracted,325,parses_ok,FAILED,PASS,True,FAILED,False,True,False,No frozen allowlist rule triggered.,,False,,False,False,True,False,False,equivalent_extraction
qwen3_5_4b__ce111_q02_polynomial_division_remainder__ab1__seed_2026072001,ce111_q02_polynomial_division_remainder,ab1,2026072001,032aca49e5cd7b0b82f1a1f387a3a1de12ec02ad64f1e4498c84fd03cdd7da0e,10483,48679f5599b49f19503f015b5948e1dce7b019897980ddc47ae385c230507316,032aca49e5cd7b0b82f1a1f387a3a1de12ec02ad64f1e4498c84fd03cdd7da0e,032aca49e5cd7b0b82f1a1f387a3a1de12ec02ad64f1e4498c84fd03cdd7da0e,True,032aca49e5cd7b0b82f1a1f387a3a1de12ec02ad64f1e4498c84fd03cdd7da0e,032aca49e5cd7b0b82f1a1f387a3a1de12ec02ad64f1e4498c84fd03cdd7da0e,032aca49e5cd7b0b82f1a1f387a3a1de12ec02ad64f1e4498c84fd03cdd7da0e,plain_text,extracted,10483,parses_ok,PASSED,PASS,False,PASSED,False,False,,,,False,,False,False,True,False,False,equivalent_extraction
qwen3_5_4b__ce111_q02_polynomial_division_remainder__ab1__seed_2026072002,ce111_q02_polynomial_division_remainder,ab1,2026072002,b70112f5663b314f280af7a9e7111ccf090b29f5497bba3478c455de943e9702,336,16d4d1f71ac96bd4a3436100769aa7beeeb31bdf2981798bd6935f9d5346fbf2,b70112f5663b314f280af7a9e7111ccf090b29f5497bba3478c455de943e9702,b70112f5663b314f280af7a9e7111ccf090b29f5497bba3478c455de943e9702,True,b70112f5663b314f280af7a9e7111ccf090b29f5497bba3478c455de943e9702,b70112f5663b314f280af7a9e7111ccf090b29f5497bba3478c455de943e9702,b70112f5663b314f280af7a9e7111ccf090b29f5497bba3478c455de943e9702,plain_text,extracted,336,parses_ok,FAILED,PASS,True,FAILED,False,True,False,No frozen allowlist rule triggered.,,False,,False,False,True,False,False,equivalent_extraction
qwen3_5_4b__ce111_q02_polynomial_division_remainder__ab1__seed_2026072003,ce111_q02_polynomial_division_remainder,ab1,2026072003,43a441e35c5cd7de96545bab8f55f8a5f59010b27f3ffa672f082f49ad29275e,1710,a0e43a311e4356249b8ace2615cc65c41586c32a3a7f1832f97d2b240646d1e6,43a441e35c5cd7de96545bab8f55f8a5f59010b27f3ffa672f082f49ad29275e,43a441e35c5cd7de96545bab8f55f8a5f59010b27f3ffa672f082f49ad29275e,True,43a441e35c5cd7de96545bab8f55f8a5f59010b27f3ffa672f082f49ad29275e,43a441e35c5cd7de96545bab8f55f8a5f59010b27f3ffa672f082f49ad29275e,43a441e35c5cd7de96545bab8f55f8a5f59010b27f3ffa672f082f49ad29275e,plain_text,extracted,1710,parses_ok,FAILED,PASS,True,FAILED,False,True,False,No frozen allowlist rule triggered.,,False,,False,False,True,False,False,equivalent_extraction
qwen3_5_4b__ce111_q02_polynomial_division_remainder__ab1__seed_2026072004,ce111_q02_polynomial_division_remainder,ab1,2026072004,5d0a9fa2f202d6426dd8feba9ad9ee66223853a37741aa16737326565824b103,327,e3e09c4f910c10f03617e08b382a1b8385f510201addd87c3d6035973e945f54,5d0a9fa2f202d6426dd8feba9ad9ee66223853a37741aa16737326565824b103,5d0a9fa2f202d6426dd8feba9ad9ee66223853a37741aa16737326565824b103,True,5d0a9fa2f202d6426dd8feba9ad9ee66223853a37741aa16737326565824b103,5d0a9fa2f202d6426dd8feba9ad9ee66223853a37741aa16737326565824b103,5d0a9fa2f202d6426dd8feba9ad9ee66223853a37741aa16737326565824b103,plain_text,extracted,327,parses_ok,FAILED,PASS,True,FAILED,False,True,False,No frozen allowlist rule triggered.,,False,,False,False,True,False,False,equivalent_extraction
qwen3_5_4b__ce111_q02_polynomial_division_remainder__ab2d__seed_2026071301,ce111_q02_polynomial_division_remainder,ab2d,2026071301,2e9a0d85c9b9e059e8ce143a83dcb80bef4f5dc8d71c4b6004343541cc6908f6,23985,a02c2d77ec70bd1d17414cf75819af1bd151b7df11007a4ca6c6029ea2f1cb5f,ed2d60fb764c74848af020ce43adeb077cafed4389e36df6b82741e5dca55db1,2e9a0d85c9b9e059e8ce143a83dcb80bef4f5dc8d71c4b6004343541cc6908f6,True,ed2d60fb764c74848af020ce43adeb077cafed4389e36df6b82741e5dca55db1,ed2d60fb764c74848af020ce43adeb077cafed4389e36df6b82741e5dca55db1,ed2d60fb764c74848af020ce43adeb077cafed4389e36df6b82741e5dca55db1,fenced_python,extracted,23972,syntax_error,FAILED,PASS,True,FAILED,False,True,False,No frozen allowlist rule triggered.,,False,,False,False,True,False,False,extraction_abstain_difference
qwen3_5_4b__ce111_q02_polynomial_division_remainder__ab2d__seed_2026072001,ce111_q02_polynomial_division_remainder,ab2d,2026072001,81a162046a40a4388f8261cfe97f01092629f0a364db86754bc42798227714a5,993,b72ad4b1257c85af3dd41b6f8744063933f8045490907d1754a6505dccf0b9ab,81a162046a40a4388f8261cfe97f01092629f0a364db86754bc42798227714a5,81a162046a40a4388f8261cfe97f01092629f0a364db86754bc42798227714a5,True,81a162046a40a4388f8261cfe97f01092629f0a364db86754bc42798227714a5,81a162046a40a4388f8261cfe97f01092629f0a364db86754bc42798227714a5,81a162046a40a4388f8261cfe97f01092629f0a364db86754bc42798227714a5,plain_text,extracted,993,parses_ok,FAILED,PASS,True,FAILED,False,True,False,No frozen allowlist rule triggered.,,False,,False,False,True,False,False,equivalent_extraction
qwen3_5_4b__ce111_q02_polynomial_division_remainder__ab2d__seed_2026072002,ce111_q02_polynomial_division_remainder,ab2d,2026072002,14203394264c9f4c362c4c9dd60a5641053765956883f4b9a0e94f18f01f7b73,7004,46f96746b24a6e91d8dcda83c69d67f27a363468f35e0dbfe615f69a284d8162,a6500a065108c19b50e5651c4115bb1f5759431b2715dc061a39b27c58d6d360,14203394264c9f4c362c4c9dd60a5641053765956883f4b9a0e94f18f01f7b73,True,a6500a065108c19b50e5651c4115bb1f5759431b2715dc061a39b27c58d6d360,a6500a065108c19b50e5651c4115bb1f5759431b2715dc061a39b27c58d6d360,a6500a065108c19b50e5651c4115bb1f5759431b2715dc061a39b27c58d6d360,fenced_python,extracted,6991,parses_ok,FAILED,PASS,True,FAILED,False,True,False,No frozen allowlist rule triggered.,,False,,False,False,True,False,False,equivalent_extraction
qwen3_5_4b__ce111_q02_polynomial_division_remainder__ab2d__seed_2026072003,ce111_q02_polynomial_division_remainder,ab2d,2026072003,3be8b2721256089c8fe79fb527d19c336a3511ff9e6c4ca80be025b34e8fa864,1304,686bbb6573a4701d1d4722f9e8a19779999f4f16ac8e5f06da5c6f1b55b45de0,3be8b2721256089c8fe79fb527d19c336a3511ff9e6c4ca80be025b34e8fa864,3be8b2721256089c8fe79fb527d19c336a3511ff9e6c4ca80be025b34e8fa864,True,3be8b2721256089c8fe79fb527d19c336a3511ff9e6c4ca80be025b34e8fa864,3be8b2721256089c8fe79fb527d19c336a3511ff9e6c4ca80be025b34e8fa864,3be8b2721256089c8fe79fb527d19c336a3511ff9e6c4ca80be025b34e8fa864,plain_text,extracted,1304,parses_ok,FAILED,PASS,True,FAILED,False,True,False,No frozen allowlist rule triggered.,,False,,False,False,True,False,False,equivalent_extraction
qwen3_5_4b__ce111_q02_polynomial_division_remainder__ab2d__seed_2026072004,ce111_q02_polynomial_division_remainder,ab2d,2026072004,9fde0b38a6373831b3188a99ead49207a0fb478d54ad80653ec12bb142639dfb,6344,c74fb6bc3fa3a7c9f79e607ddee00b6c8a62cc9916c68ee5099d3e2b826eb255,2d9c15212c61235a93aca43bf94e82226c2bb8377ef3604a325bf751ff5d0d41,9fde0b38a6373831b3188a99ead49207a0fb478d54ad80653ec12bb142639dfb,True,2d9c15212c61235a93aca43bf94e82226c2bb8377ef3604a325bf751ff5d0d41,2d9c15212c61235a93aca43bf94e82226c2bb8377ef3604a325bf751ff5d0d41,2d9c15212c61235a93aca43bf94e82226c2bb8377ef3604a325bf751ff5d0d41,fenced_python,extracted,6331,parses_ok,FAILED,PASS,True,FAILED,False,True,False,No frozen allowlist rule triggered.,,False,,False,False,True,False,False,equivalent_extraction
qwen3_5_4b__ce111_q02_polynomial_division_remainder__ab2d_spec_v2__seed_2026071301,ce111_q02_polynomial_division_remainder,ab2d_spec_v2,2026071301,9b37755670c18123c6fdd3a623778791c0373964af83da0f335535ba8fbcfaf2,1105,240d72c95f8d393e62855133706b62163f2164a58a39392f7fd87c216efd9619,9b37755670c18123c6fdd3a623778791c0373964af83da0f335535ba8fbcfaf2,9b37755670c18123c6fdd3a623778791c0373964af83da0f335535ba8fbcfaf2,True,9b37755670c18123c6fdd3a623778791c0373964af83da0f335535ba8fbcfaf2,9b37755670c18123c6fdd3a623778791c0373964af83da0f335535ba8fbcfaf2,9b37755670c18123c6fdd3a623778791c0373964af83da0f335535ba8fbcfaf2,plain_text,extracted,1105,parses_ok,FAILED,PASS,True,FAILED,False,True,False,No frozen allowlist rule triggered.,,False,,False,False,True,False,False,equivalent_extraction
qwen3_5_4b__ce111_q02_polynomial_division_remainder__ab2d_spec_v2__seed_2026072001,ce111_q02_polynomial_division_remainder,ab2d_spec_v2,2026072001,e4bd3ff1d5e1282fbbb095551de797c32dee77dde56f7f1b5e98323b5de33be9,1084,7c4fe923866d3298857622f8094e425d594e55c65d27e73726d256b5f4d06252,e4bd3ff1d5e1282fbbb095551de797c32dee77dde56f7f1b5e98323b5de33be9,e4bd3ff1d5e1282fbbb095551de797c32dee77dde56f7f1b5e98323b5de33be9,True,e4bd3ff1d5e1282fbbb095551de797c32dee77dde56f7f1b5e98323b5de33be9,e4bd3ff1d5e1282fbbb095551de797c32dee77dde56f7f1b5e98323b5de33be9,e4bd3ff1d5e1282fbbb095551de797c32dee77dde56f7f1b5e98323b5de33be9,plain_text,extracted,1084,parses_ok,FAILED,PASS,True,FAILED,False,True,False,No frozen allowlist rule triggered.,,False,,False,False,True,False,False,equivalent_extraction
qwen3_5_4b__ce111_q02_polynomial_division_remainder__ab2d_spec_v2__seed_2026072002,ce111_q02_polynomial_division_remainder,ab2d_spec_v2,2026072002,9e43f7328a2b299c4355670d3b11fc3dc0aef3e438845cea631232fddd7ae4c3,2525,7778068bf79d63166253904c281d60a691f14aa41d0f3e63328b0393fbcb4fda,9e43f7328a2b299c4355670d3b11fc3dc0aef3e438845cea631232fddd7ae4c3,9e43f7328a2b299c4355670d3b11fc3dc0aef3e438845cea631232fddd7ae4c3,True,9e43f7328a2b299c4355670d3b11fc3dc0aef3e438845cea631232fddd7ae4c3,9e43f7328a2b299c4355670d3b11fc3dc0aef3e438845cea631232fddd7ae4c3,9e43f7328a2b299c4355670d3b11fc3dc0aef3e438845cea631232fddd7ae4c3,plain_text,extracted,2525,parses_ok,FAILED,PASS,True,FAILED,False,True,False,No frozen allowlist rule triggered.,,False,,False,False,True,False,False,equivalent_extraction
qwen3_5_4b__ce111_q02_polynomial_division_remainder__ab2d_spec_v2__seed_2026072003,ce111_q02_polynomial_division_remainder,ab2d_spec_v2,2026072003,2a5a630951683f2adc0e78f73c066ea24395322781f9d14869e3f6db3a8ff72f,1143,9a4822d533f1ee626a7b2e3fd7b550a462c37f8fe0c2dc23442c4c0e1c0fbebf,2a5a630951683f2adc0e78f73c066ea24395322781f9d14869e3f6db3a8ff72f,2a5a630951683f2adc0e78f73c066ea24395322781f9d14869e3f6db3a8ff72f,True,2a5a630951683f2adc0e78f73c066ea24395322781f9d14869e3f6db3a8ff72f,2a5a630951683f2adc0e78f73c066ea24395322781f9d14869e3f6db3a8ff72f,2a5a630951683f2adc0e78f73c066ea24395322781f9d14869e3f6db3a8ff72f,plain_text,extracted,1143,parses_ok,FAILED,PASS,True,FAILED,False,True,False,No frozen allowlist rule triggered.,,False,,False,False,True,False,False,equivalent_extraction
qwen3_5_4b__ce111_q02_polynomial_division_remainder__ab2d_spec_v2__seed_2026072004,ce111_q02_polynomial_division_remainder,ab2d_spec_v2,2026072004,dd6e709c6e359c6bafb2673c4058708ea8ccbe1d81b6c6f2be9e8c6054445ebe,1079,50967dcb357e68ebc491d16d3138823c1c40475b69bca8b88eb73c1c86a48a43,dd6e709c6e359c6bafb2673c4058708ea8ccbe1d81b6c6f2be9e8c6054445ebe,dd6e709c6e359c6bafb2673c4058708ea8ccbe1d81b6c6f2be9e8c6054445ebe,True,dd6e709c6e359c6bafb2673c4058708ea8ccbe1d81b6c6f2be9e8c6054445ebe,dd6e709c6e359c6bafb2673c4058708ea8ccbe1d81b6c6f2be9e8c6054445ebe,dd6e709c6e359c6bafb2673c4058708ea8ccbe1d81b6c6f2be9e8c6054445ebe,plain_text,extracted,1079,parses_ok,FAILED,PASS,True,FAILED,False,True,False,No frozen allowlist rule triggered.,,False,,False,False,True,False,False,equivalent_extraction
qwen3_5_4b__ce111_q02_polynomial_division_remainder__ab2g__seed_2026071301,ce111_q02_polynomial_division_remainder,ab2g,2026071301,83f4792b520548938900d7d9b5e3fab67bdde7070ed74a608fb9d9d96346a44f,3790,5c6cd6857834926f1f7f404510b2fe7b341bf0b311680dace8f644f91709f0b9,83f4792b520548938900d7d9b5e3fab67bdde7070ed74a608fb9d9d96346a44f,83f4792b520548938900d7d9b5e3fab67bdde7070ed74a608fb9d9d96346a44f,True,83f4792b520548938900d7d9b5e3fab67bdde7070ed74a608fb9d9d96346a44f,83f4792b520548938900d7d9b5e3fab67bdde7070ed74a608fb9d9d96346a44f,83f4792b520548938900d7d9b5e3fab67bdde7070ed74a608fb9d9d96346a44f,plain_text,extracted,3790,parses_ok,FAILED,PASS,True,FAILED,False,True,False,No frozen allowlist rule triggered.,,False,,False,False,True,False,False,equivalent_extraction
qwen3_5_4b__ce111_q02_polynomial_division_remainder__ab2g__seed_2026072001,ce111_q02_polynomial_division_remainder,ab2g,2026072001,fc01cbd1a5f4ff3c7407f0f2f40b9d591bd6d3a3eac14627433bf6b526908a50,1162,bd1d9c0db8b3ab9b430a7cf5b48fae515ce785ee10371de1cdc3b0fb668d0cde,fc01cbd1a5f4ff3c7407f0f2f40b9d591bd6d3a3eac14627433bf6b526908a50,fc01cbd1a5f4ff3c7407f0f2f40b9d591bd6d3a3eac14627433bf6b526908a50,True,fc01cbd1a5f4ff3c7407f0f2f40b9d591bd6d3a3eac14627433bf6b526908a50,fc01cbd1a5f4ff3c7407f0f2f40b9d591bd6d3a3eac14627433bf6b526908a50,fc01cbd1a5f4ff3c7407f0f2f40b9d591bd6d3a3eac14627433bf6b526908a50,plain_text,extracted,1162,parses_ok,FAILED,PASS,True,FAILED,False,True,False,No frozen allowlist rule triggered.,,False,,False,False,True,False,False,equivalent_extraction
qwen3_5_4b__ce111_q02_polynomial_division_remainder__ab2g__seed_2026072002,ce111_q02_polynomial_division_remainder,ab2g,2026072002,037613b7818e4633fbd1c859babf081f77a0bca6a2a4ea3a6e2ca921b811a2e2,3680,a466fd9f3e69e92aba2dad734598db252f701abbec8d7a032f7cbe40837f3c02,037613b7818e4633fbd1c859babf081f77a0bca6a2a4ea3a6e2ca921b811a2e2,037613b7818e4633fbd1c859babf081f77a0bca6a2a4ea3a6e2ca921b811a2e2,True,037613b7818e4633fbd1c859babf081f77a0bca6a2a4ea3a6e2ca921b811a2e2,037613b7818e4633fbd1c859babf081f77a0bca6a2a4ea3a6e2ca921b811a2e2,037613b7818e4633fbd1c859babf081f77a0bca6a2a4ea3a6e2ca921b811a2e2,plain_text,extracted,3680,syntax_error,FAILED,FAIL,True,FAILED,False,True,False,No frozen allowlist rule triggered.,,False,,False,False,True,False,False,normalization_only
qwen3_5_4b__ce111_q02_polynomial_division_remainder__ab2g__seed_2026072003,ce111_q02_polynomial_division_remainder,ab2g,2026072003,0be7d063dbcd4820490e7c0f262003c4ff0e0868b9b49173ef5a32ef692cccb7,3440,4feff8ae38e1b49347ebba3be48dbaba23ad9193b1b7929878e1ed0a76ecb14a,bf7b1a113ee93ceed94cdf88acd00de28acc4b2d5153bde9ac4c78862a30ec0b,0be7d063dbcd4820490e7c0f262003c4ff0e0868b9b49173ef5a32ef692cccb7,True,bf7b1a113ee93ceed94cdf88acd00de28acc4b2d5153bde9ac4c78862a30ec0b,bf7b1a113ee93ceed94cdf88acd00de28acc4b2d5153bde9ac4c78862a30ec0b,bf7b1a113ee93ceed94cdf88acd00de28acc4b2d5153bde9ac4c78862a30ec0b,fenced_python,extracted,3427,syntax_error,FAILED,FAIL,True,FAILED,False,True,False,No frozen allowlist rule triggered.,,False,,False,False,True,False,False,normalization_only
qwen3_5_4b__ce111_q02_polynomial_division_remainder__ab2g__seed_2026072004,ce111_q02_polynomial_division_remainder,ab2g,2026072004,7c2888e0fadf79c418e6c151dce55a12143b87f34bf6fa5e78e655ddd9f5b87e,823,e070bb76abd4935315b9a75e383c591e3ae69ee35d666d5b8361fde2cb51a3d7,7c2888e0fadf79c418e6c151dce55a12143b87f34bf6fa5e78e655ddd9f5b87e,7c2888e0fadf79c418e6c151dce55a12143b87f34bf6fa5e78e655ddd9f5b87e,True,7c2888e0fadf79c418e6c151dce55a12143b87f34bf6fa5e78e655ddd9f5b87e,7c2888e0fadf79c418e6c151dce55a12143b87f34bf6fa5e78e655ddd9f5b87e,7c2888e0fadf79c418e6c151dce55a12143b87f34bf6fa5e78e655ddd9f5b87e,plain_text,extracted,823,parses_ok,PASSED,PASS,False,PASSED,False,False,,,,False,,False,False,True,False,False,equivalent_extraction
qwen3_5_4b__ce111_q03_prime_factor_selection__ab1__seed_2026071301,ce111_q03_prime_factor_selection,ab1,2026071301,bb7be0583a1110b124ee277039cba7c9dec65b70d0beae95ebaf2aebd0e5266d,1179,ae70c8444d84a6219a2e7b54160e3ce8797fd6d72dfafdaf397fc3e812189465,bb7be0583a1110b124ee277039cba7c9dec65b70d0beae95ebaf2aebd0e5266d,bb7be0583a1110b124ee277039cba7c9dec65b70d0beae95ebaf2aebd0e5266d,True,bb7be0583a1110b124ee277039cba7c9dec65b70d0beae95ebaf2aebd0e5266d,bb7be0583a1110b124ee277039cba7c9dec65b70d0beae95ebaf2aebd0e5266d,bb7be0583a1110b124ee277039cba7c9dec65b70d0beae95ebaf2aebd0e5266d,plain_text,extracted,1179,parses_ok,FAILED,PASS,True,FAILED,False,True,False,No frozen allowlist rule triggered.,,False,,False,False,True,False,False,equivalent_extraction
qwen3_5_4b__ce111_q03_prime_factor_selection__ab1__seed_2026072001,ce111_q03_prime_factor_selection,ab1,2026072001,b04439c6081e11565b0b341edf239c5686f3d24d6599eb8cd32b456054f65aef,1341,ca9b1186d4b4f751b916115d2ce13d5e47d37d699c23f1efe3e47355b4aae837,b04439c6081e11565b0b341edf239c5686f3d24d6599eb8cd32b456054f65aef,b04439c6081e11565b0b341edf239c5686f3d24d6599eb8cd32b456054f65aef,True,b04439c6081e11565b0b341edf239c5686f3d24d6599eb8cd32b456054f65aef,b04439c6081e11565b0b341edf239c5686f3d24d6599eb8cd32b456054f65aef,b04439c6081e11565b0b341edf239c5686f3d24d6599eb8cd32b456054f65aef,plain_text,extracted,1341,parses_ok,FAILED,PASS,True,FAILED,False,True,False,No frozen allowlist rule triggered.,,False,,False,False,True,False,False,equivalent_extraction
qwen3_5_4b__ce111_q03_prime_factor_selection__ab1__seed_2026072002,ce111_q03_prime_factor_selection,ab1,2026072002,4a9b46cca269be0686631ff52a4350faba2b1ded80a67b1835e5b596cd5c7e38,1430,6c09a0a9c289c9a79a5bf89883fac659a535b3b78cb6b29495b7d9acde81664f,4a9b46cca269be0686631ff52a4350faba2b1ded80a67b1835e5b596cd5c7e38,4a9b46cca269be0686631ff52a4350faba2b1ded80a67b1835e5b596cd5c7e38,True,4a9b46cca269be0686631ff52a4350faba2b1ded80a67b1835e5b596cd5c7e38,4a9b46cca269be0686631ff52a4350faba2b1ded80a67b1835e5b596cd5c7e38,4a9b46cca269be0686631ff52a4350faba2b1ded80a67b1835e5b596cd5c7e38,plain_text,extracted,1430,parses_ok,FAILED,PASS,True,FAILED,False,True,False,No frozen allowlist rule triggered.,,False,,False,False,True,False,False,equivalent_extraction
qwen3_5_4b__ce111_q03_prime_factor_selection__ab1__seed_2026072003,ce111_q03_prime_factor_selection,ab1,2026072003,20775201ee41f0d8a892f690c98fdbd308f2348d934197b52ec06ac42f9bf9e9,999,69dec3dd4f4962339e2d7a62798abd4765e2dc38d0852fd11be1829f2f8757e8,20775201ee41f0d8a892f690c98fdbd308f2348d934197b52ec06ac42f9bf9e9,20775201ee41f0d8a892f690c98fdbd308f2348d934197b52ec06ac42f9bf9e9,True,20775201ee41f0d8a892f690c98fdbd308f2348d934197b52ec06ac42f9bf9e9,20775201ee41f0d8a892f690c98fdbd308f2348d934197b52ec06ac42f9bf9e9,20775201ee41f0d8a892f690c98fdbd308f2348d934197b52ec06ac42f9bf9e9,plain_text,extracted,999,parses_ok,FAILED,PASS,True,FAILED,False,True,False,No frozen allowlist rule triggered.,,False,,False,False,True,False,False,equivalent_extraction
qwen3_5_4b__ce111_q03_prime_factor_selection__ab1__seed_2026072004,ce111_q03_prime_factor_selection,ab1,2026072004,0d5aa0ba9a32147adf8f42dd6d8e258a1175b9601d673eccfbcad3674e733852,1172,19d4187f163591bf1a47336e2454397a735353e02825bfaecadbfe49b44ec6cb,0d5aa0ba9a32147adf8f42dd6d8e258a1175b9601d673eccfbcad3674e733852,0d5aa0ba9a32147adf8f42dd6d8e258a1175b9601d673eccfbcad3674e733852,True,0d5aa0ba9a32147adf8f42dd6d8e258a1175b9601d673eccfbcad3674e733852,0d5aa0ba9a32147adf8f42dd6d8e258a1175b9601d673eccfbcad3674e733852,0d5aa0ba9a32147adf8f42dd6d8e258a1175b9601d673eccfbcad3674e733852,plain_text,extracted,1172,parses_ok,FAILED,PASS,True,FAILED,False,True,False,No frozen allowlist rule triggered.,,False,,False,False,True,False,False,equivalent_extraction
qwen3_5_4b__ce111_q03_prime_factor_selection__ab2d__seed_2026071301,ce111_q03_prime_factor_selection,ab2d,2026071301,a5b0030c5e5763ee0a0e4c9b8f7e1a5e62e637deb7cb8abbf03490e105039d35,704,eb72fe56009d13e38192624873e56f5b144f083178493b5ea4638a326c264ce1,a5b0030c5e5763ee0a0e4c9b8f7e1a5e62e637deb7cb8abbf03490e105039d35,a5b0030c5e5763ee0a0e4c9b8f7e1a5e62e637deb7cb8abbf03490e105039d35,True,a5b0030c5e5763ee0a0e4c9b8f7e1a5e62e637deb7cb8abbf03490e105039d35,a5b0030c5e5763ee0a0e4c9b8f7e1a5e62e637deb7cb8abbf03490e105039d35,a5b0030c5e5763ee0a0e4c9b8f7e1a5e62e637deb7cb8abbf03490e105039d35,plain_text,extracted,704,parses_ok,FAILED,PASS,True,FAILED,False,True,False,No frozen allowlist rule triggered.,,False,,False,False,True,False,False,equivalent_extraction
qwen3_5_4b__ce111_q03_prime_factor_selection__ab2d__seed_2026072001,ce111_q03_prime_factor_selection,ab2d,2026072001,f072749c8598d63dafbc7232fe6687f074350fa8298ab0897c3436998dcac92d,721,f63cadaeb7ef12ca6c9ee7b6ab0a65f8aaa31dae5fbb9df346484d7e25d160aa,f072749c8598d63dafbc7232fe6687f074350fa8298ab0897c3436998dcac92d,f072749c8598d63dafbc7232fe6687f074350fa8298ab0897c3436998dcac92d,True,f072749c8598d63dafbc7232fe6687f074350fa8298ab0897c3436998dcac92d,f072749c8598d63dafbc7232fe6687f074350fa8298ab0897c3436998dcac92d,f072749c8598d63dafbc7232fe6687f074350fa8298ab0897c3436998dcac92d,plain_text,extracted,721,parses_ok,FAILED,PASS,True,FAILED,False,True,False,No frozen allowlist rule triggered.,,False,,False,False,True,False,False,equivalent_extraction
qwen3_5_4b__ce111_q03_prime_factor_selection__ab2d__seed_2026072002,ce111_q03_prime_factor_selection,ab2d,2026072002,7e161cc303c1e44b8652a0eaabf7be50d55633c14e47044c6294eef69cb8b401,671,4e2c3be90193a1b54ae08e0982b0c861ad4b18f390ccd8310b5d836129bac014,7e161cc303c1e44b8652a0eaabf7be50d55633c14e47044c6294eef69cb8b401,7e161cc303c1e44b8652a0eaabf7be50d55633c14e47044c6294eef69cb8b401,True,7e161cc303c1e44b8652a0eaabf7be50d55633c14e47044c6294eef69cb8b401,7e161cc303c1e44b8652a0eaabf7be50d55633c14e47044c6294eef69cb8b401,7e161cc303c1e44b8652a0eaabf7be50d55633c14e47044c6294eef69cb8b401,plain_text,extracted,671,parses_ok,FAILED,PASS,True,FAILED,False,True,False,No frozen allowlist rule triggered.,,False,,False,False,True,False,False,equivalent_extraction
qwen3_5_4b__ce111_q03_prime_factor_selection__ab2d__seed_2026072003,ce111_q03_prime_factor_selection,ab2d,2026072003,dadeb2eaefe74c21a383e1845db2cb4dde9a71e094b524c49c756e9e98eb3c4f,619,46d1c7217f5d57eb58144de13675c180c4680f450d29695aa1f229ed5313ee77,dadeb2eaefe74c21a383e1845db2cb4dde9a71e094b524c49c756e9e98eb3c4f,dadeb2eaefe74c21a383e1845db2cb4dde9a71e094b524c49c756e9e98eb3c4f,True,dadeb2eaefe74c21a383e1845db2cb4dde9a71e094b524c49c756e9e98eb3c4f,dadeb2eaefe74c21a383e1845db2cb4dde9a71e094b524c49c756e9e98eb3c4f,dadeb2eaefe74c21a383e1845db2cb4dde9a71e094b524c49c756e9e98eb3c4f,plain_text,extracted,619,parses_ok,FAILED,PASS,True,FAILED,False,True,False,No frozen allowlist rule triggered.,,False,,False,False,True,False,False,equivalent_extraction
qwen3_5_4b__ce111_q03_prime_factor_selection__ab2d__seed_2026072004,ce111_q03_prime_factor_selection,ab2d,2026072004,6b19c7ff6e1c3c95ac9b8bab0635b1905736a39ea54e9c91452bd7af4dfdeb07,676,bb2cf79b18517bc95c060490a25c0d904a9a57ea9c7c945a912c2039877488b9,6b19c7ff6e1c3c95ac9b8bab0635b1905736a39ea54e9c91452bd7af4dfdeb07,6b19c7ff6e1c3c95ac9b8bab0635b1905736a39ea54e9c91452bd7af4dfdeb07,True,6b19c7ff6e1c3c95ac9b8bab0635b1905736a39ea54e9c91452bd7af4dfdeb07,6b19c7ff6e1c3c95ac9b8bab0635b1905736a39ea54e9c91452bd7af4dfdeb07,6b19c7ff6e1c3c95ac9b8bab0635b1905736a39ea54e9c91452bd7af4dfdeb07,plain_text,extracted,676,parses_ok,FAILED,PASS,True,FAILED,False,True,False,No frozen allowlist rule triggered.,,False,,False,False,True,False,False,equivalent_extraction
qwen3_5_4b__ce111_q03_prime_factor_selection__ab2d_spec_v2__seed_2026071301,ce111_q03_prime_factor_selection,ab2d_spec_v2,2026071301,15cff6329bbe31308e2bf309ffb7f7f77384c8232f6840634298f74599377e25,877,16661e6efd479ecdc868dd3735e20f2fa734784c2473abdd48e05b18fd9706f5,15cff6329bbe31308e2bf309ffb7f7f77384c8232f6840634298f74599377e25,15cff6329bbe31308e2bf309ffb7f7f77384c8232f6840634298f74599377e25,True,15cff6329bbe31308e2bf309ffb7f7f77384c8232f6840634298f74599377e25,15cff6329bbe31308e2bf309ffb7f7f77384c8232f6840634298f74599377e25,15cff6329bbe31308e2bf309ffb7f7f77384c8232f6840634298f74599377e25,plain_text,extracted,877,parses_ok,PASSED,PASS,False,PASSED,False,False,,,,False,,False,False,True,False,False,equivalent_extraction
qwen3_5_4b__ce111_q03_prime_factor_selection__ab2d_spec_v2__seed_2026072001,ce111_q03_prime_factor_selection,ab2d_spec_v2,2026072001,8bcf7762f3e0bc2ad66560bb2e3374795977bc1b7f064eff7e3679ca7ddceff7,1001,25807d908f1d117dfedd1b899b04d654d25d7045509ddaca789aebf3b5d3c71a,8bcf7762f3e0bc2ad66560bb2e3374795977bc1b7f064eff7e3679ca7ddceff7,8bcf7762f3e0bc2ad66560bb2e3374795977bc1b7f064eff7e3679ca7ddceff7,True,8bcf7762f3e0bc2ad66560bb2e3374795977bc1b7f064eff7e3679ca7ddceff7,8bcf7762f3e0bc2ad66560bb2e3374795977bc1b7f064eff7e3679ca7ddceff7,8bcf7762f3e0bc2ad66560bb2e3374795977bc1b7f064eff7e3679ca7ddceff7,plain_text,extracted,1001,parses_ok,PASSED,PASS,False,PASSED,False,False,,,,False,,False,False,True,False,False,equivalent_extraction
qwen3_5_4b__ce111_q03_prime_factor_selection__ab2d_spec_v2__seed_2026072002,ce111_q03_prime_factor_selection,ab2d_spec_v2,2026072002,6e55db19c4a620952a4b00670db36c75ac920074e9f61e6435f517b4566f92bd,930,943a009028e11ec4a5ecd23bd42c024ab2cb535e6cf3ae9c548c8e7fdc2367b0,6e55db19c4a620952a4b00670db36c75ac920074e9f61e6435f517b4566f92bd,6e55db19c4a620952a4b00670db36c75ac920074e9f61e6435f517b4566f92bd,True,6e55db19c4a620952a4b00670db36c75ac920074e9f61e6435f517b4566f92bd,6e55db19c4a620952a4b00670db36c75ac920074e9f61e6435f517b4566f92bd,6e55db19c4a620952a4b00670db36c75ac920074e9f61e6435f517b4566f92bd,plain_text,extracted,930,parses_ok,PASSED,PASS,False,PASSED,False,False,,,,False,,False,False,True,False,False,equivalent_extraction
qwen3_5_4b__ce111_q03_prime_factor_selection__ab2d_spec_v2__seed_2026072003,ce111_q03_prime_factor_selection,ab2d_spec_v2,2026072003,4857e6e37738c68cd6108310ff278be12c5f4c97c1a2246e0114a8de1ef219ac,1127,a4df46d826d865acc835daf7aebd269989b9ebfeca62669f0e03b3ec50ab303c,0e764a3d006911f17639455765ac2d567214f05963b4a9b5bba66c009aab1074,4857e6e37738c68cd6108310ff278be12c5f4c97c1a2246e0114a8de1ef219ac,True,0e764a3d006911f17639455765ac2d567214f05963b4a9b5bba66c009aab1074,0e764a3d006911f17639455765ac2d567214f05963b4a9b5bba66c009aab1074,0e764a3d006911f17639455765ac2d567214f05963b4a9b5bba66c009aab1074,fenced_python,extracted,1114,parses_ok,FAILED,PASS,True,FAILED,False,True,False,No frozen allowlist rule triggered.,,False,,False,False,True,False,False,equivalent_extraction
qwen3_5_4b__ce111_q03_prime_factor_selection__ab2d_spec_v2__seed_2026072004,ce111_q03_prime_factor_selection,ab2d_spec_v2,2026072004,633664ef7fb34e8e50e5e28ce910fabb5759d63ed1c209d8c44fdcd1ac5c85a0,1043,aaab838914dc7c78314840d5a57904f63f38042102ed3e20a57c5974c9c07f24,633664ef7fb34e8e50e5e28ce910fabb5759d63ed1c209d8c44fdcd1ac5c85a0,633664ef7fb34e8e50e5e28ce910fabb5759d63ed1c209d8c44fdcd1ac5c85a0,True,633664ef7fb34e8e50e5e28ce910fabb5759d63ed1c209d8c44fdcd1ac5c85a0,633664ef7fb34e8e50e5e28ce910fabb5759d63ed1c209d8c44fdcd1ac5c85a0,633664ef7fb34e8e50e5e28ce910fabb5759d63ed1c209d8c44fdcd1ac5c85a0,plain_text,extracted,1043,parses_ok,PASSED,PASS,False,PASSED,False,False,,,,False,,False,False,True,False,False,equivalent_extraction
qwen3_5_4b__ce111_q03_prime_factor_selection__ab2g__seed_2026071301,ce111_q03_prime_factor_selection,ab2g,2026071301,2fc84294304c4bc0f58a7fed812fad7a5ec5222ab7901f77bcad9273aa61bb50,1817,a230d12bb787fdbb480ce2a955edbb41e733a55acf40ac4a8ad0317851c09a6a,2fc84294304c4bc0f58a7fed812fad7a5ec5222ab7901f77bcad9273aa61bb50,2fc84294304c4bc0f58a7fed812fad7a5ec5222ab7901f77bcad9273aa61bb50,True,2fc84294304c4bc0f58a7fed812fad7a5ec5222ab7901f77bcad9273aa61bb50,2fc84294304c4bc0f58a7fed812fad7a5ec5222ab7901f77bcad9273aa61bb50,2fc84294304c4bc0f58a7fed812fad7a5ec5222ab7901f77bcad9273aa61bb50,plain_text,extracted,1817,syntax_error,FAILED,FAIL,True,FAILED,False,True,False,No frozen allowlist rule triggered.,,False,,False,False,True,False,False,normalization_only
qwen3_5_4b__ce111_q03_prime_factor_selection__ab2g__seed_2026072001,ce111_q03_prime_factor_selection,ab2g,2026072001,9a8673b3321c3fc4828fca25a746ec6cdf0c6f4a5556d841d2ed5803c2aa052d,876,ce2ae5e25639d48ffbd8afd8af4ad6027e2077bd1828ffada38af7d14969abe7,9a8673b3321c3fc4828fca25a746ec6cdf0c6f4a5556d841d2ed5803c2aa052d,9a8673b3321c3fc4828fca25a746ec6cdf0c6f4a5556d841d2ed5803c2aa052d,True,9a8673b3321c3fc4828fca25a746ec6cdf0c6f4a5556d841d2ed5803c2aa052d,9a8673b3321c3fc4828fca25a746ec6cdf0c6f4a5556d841d2ed5803c2aa052d,9a8673b3321c3fc4828fca25a746ec6cdf0c6f4a5556d841d2ed5803c2aa052d,plain_text,extracted,876,parses_ok,PASSED,PASS,False,PASSED,False,False,,,,False,,False,False,True,False,False,equivalent_extraction
qwen3_5_4b__ce111_q03_prime_factor_selection__ab2g__seed_2026072002,ce111_q03_prime_factor_selection,ab2g,2026072002,083171b8f2d41f0af1e43c51a697240620fc620ad38a7d3d88eec2cf7bd33d08,1326,95dadff3ddf8000702183dc076b635e1034b8ad9d86e38cd8ee96869a295ce5d,083171b8f2d41f0af1e43c51a697240620fc620ad38a7d3d88eec2cf7bd33d08,083171b8f2d41f0af1e43c51a697240620fc620ad38a7d3d88eec2cf7bd33d08,True,083171b8f2d41f0af1e43c51a697240620fc620ad38a7d3d88eec2cf7bd33d08,083171b8f2d41f0af1e43c51a697240620fc620ad38a7d3d88eec2cf7bd33d08,083171b8f2d41f0af1e43c51a697240620fc620ad38a7d3d88eec2cf7bd33d08,plain_text,extracted,1326,syntax_error,FAILED,FAIL,True,FAILED,False,True,False,No frozen allowlist rule triggered.,,False,,False,False,True,False,False,normalization_only
qwen3_5_4b__ce111_q03_prime_factor_selection__ab2g__seed_2026072003,ce111_q03_prime_factor_selection,ab2g,2026072003,6061f645bfb70788c9bc5c8742f4a93239478e08ab2986f61616bca0b299b540,1396,5f1a72e87fc10cf7dc7c8766f8e0bda174f9b04031a0b2877c65acd2b06cfaad,6061f645bfb70788c9bc5c8742f4a93239478e08ab2986f61616bca0b299b540,6061f645bfb70788c9bc5c8742f4a93239478e08ab2986f61616bca0b299b540,True,6061f645bfb70788c9bc5c8742f4a93239478e08ab2986f61616bca0b299b540,6061f645bfb70788c9bc5c8742f4a93239478e08ab2986f61616bca0b299b540,6061f645bfb70788c9bc5c8742f4a93239478e08ab2986f61616bca0b299b540,plain_text,extracted,1396,syntax_error,FAILED,FAIL,True,FAILED,False,True,False,No frozen allowlist rule triggered.,,False,,False,False,True,False,False,normalization_only
qwen3_5_4b__ce111_q03_prime_factor_selection__ab2g__seed_2026072004,ce111_q03_prime_factor_selection,ab2g,2026072004,fbd950d0aa7eaebb3c9a78e54276c64c4030f67b420dcea8a9e497ba3d2ecf1c,3023,5fa878a58e0277f20311c9dc47b8ccb4d912a6cdcadaa138ae497a7d14108689,fbd950d0aa7eaebb3c9a78e54276c64c4030f67b420dcea8a9e497ba3d2ecf1c,fbd950d0aa7eaebb3c9a78e54276c64c4030f67b420dcea8a9e497ba3d2ecf1c,True,fbd950d0aa7eaebb3c9a78e54276c64c4030f67b420dcea8a9e497ba3d2ecf1c,fbd950d0aa7eaebb3c9a78e54276c64c4030f67b420dcea8a9e497ba3d2ecf1c,fbd950d0aa7eaebb3c9a78e54276c64c4030f67b420dcea8a9e497ba3d2ecf1c,plain_text,extracted,3023,parses_ok,FAILED,PASS,True,FAILED,False,True,False,No frozen allowlist rule triggered.,,False,,False,False,True,False,False,equivalent_extraction
qwen3_5_4b__ce111_q05_exact_fraction_expression__ab1__seed_2026071301,ce111_q05_exact_fraction_expression,ab1,2026071301,699c13bbecbc2506391a20447a444d3356eb0fbe9db5692c1870c67f51a60c42,374,7ab9757b03d6ecce6ab2bc8da4c0066c1624a145c5b0a3bef2389f48f62bd1d3,699c13bbecbc2506391a20447a444d3356eb0fbe9db5692c1870c67f51a60c42,699c13bbecbc2506391a20447a444d3356eb0fbe9db5692c1870c67f51a60c42,True,699c13bbecbc2506391a20447a444d3356eb0fbe9db5692c1870c67f51a60c42,699c13bbecbc2506391a20447a444d3356eb0fbe9db5692c1870c67f51a60c42,699c13bbecbc2506391a20447a444d3356eb0fbe9db5692c1870c67f51a60c42,plain_text,extracted,374,parses_ok,FAILED,PASS,True,FAILED,False,True,False,No frozen allowlist rule triggered.,,False,,False,False,True,False,False,equivalent_extraction
qwen3_5_4b__ce111_q05_exact_fraction_expression__ab1__seed_2026072001,ce111_q05_exact_fraction_expression,ab1,2026072001,f105e39a7e554da0068700e68df4f093fb68c4816e57c002a08e941fc3c83185,413,805ee767bab2410c317cdb3740f45a489f679fab888bd49371a1d527315226d6,f105e39a7e554da0068700e68df4f093fb68c4816e57c002a08e941fc3c83185,f105e39a7e554da0068700e68df4f093fb68c4816e57c002a08e941fc3c83185,True,f105e39a7e554da0068700e68df4f093fb68c4816e57c002a08e941fc3c83185,f105e39a7e554da0068700e68df4f093fb68c4816e57c002a08e941fc3c83185,f105e39a7e554da0068700e68df4f093fb68c4816e57c002a08e941fc3c83185,plain_text,extracted,413,parses_ok,FAILED,PASS,True,FAILED,False,True,False,No frozen allowlist rule triggered.,,False,,False,False,True,False,False,equivalent_extraction
qwen3_5_4b__ce111_q05_exact_fraction_expression__ab1__seed_2026072002,ce111_q05_exact_fraction_expression,ab1,2026072002,d6eb7ba250c8e100978a259581685c6525b5459669f0998a39b3f53fa2a949b5,416,739f757595fd9734de6d8fa8dbade4879650e73841071896c506eb20f2b4c20b,d6eb7ba250c8e100978a259581685c6525b5459669f0998a39b3f53fa2a949b5,d6eb7ba250c8e100978a259581685c6525b5459669f0998a39b3f53fa2a949b5,True,d6eb7ba250c8e100978a259581685c6525b5459669f0998a39b3f53fa2a949b5,d6eb7ba250c8e100978a259581685c6525b5459669f0998a39b3f53fa2a949b5,d6eb7ba250c8e100978a259581685c6525b5459669f0998a39b3f53fa2a949b5,plain_text,extracted,416,parses_ok,FAILED,PASS,True,FAILED,False,True,False,No frozen allowlist rule triggered.,,False,,False,False,True,False,False,equivalent_extraction
qwen3_5_4b__ce111_q05_exact_fraction_expression__ab1__seed_2026072003,ce111_q05_exact_fraction_expression,ab1,2026072003,8366e0802c199d00389cc5108b8b81219b156eaf3ec4438de5234c9dcf5baac1,988,34b2ceea21c9d0260d4cc3c0fa7493562172de5e2d37b79cf72d77ebf105543d,8366e0802c199d00389cc5108b8b81219b156eaf3ec4438de5234c9dcf5baac1,8366e0802c199d00389cc5108b8b81219b156eaf3ec4438de5234c9dcf5baac1,True,8366e0802c199d00389cc5108b8b81219b156eaf3ec4438de5234c9dcf5baac1,8366e0802c199d00389cc5108b8b81219b156eaf3ec4438de5234c9dcf5baac1,8366e0802c199d00389cc5108b8b81219b156eaf3ec4438de5234c9dcf5baac1,plain_text,extracted,988,parses_ok,PASSED,PASS,False,PASSED,False,False,,,,False,,False,False,True,False,False,equivalent_extraction
qwen3_5_4b__ce111_q05_exact_fraction_expression__ab1__seed_2026072004,ce111_q05_exact_fraction_expression,ab1,2026072004,7f862a8cb5652c6848cd7485da8afe8a53bfc236128de8d5f58dceee7bd61a57,416,4e45291ac8ac8e02f2662e32fba0cbd13d0981efd7364601d4253f7d84149f84,7f862a8cb5652c6848cd7485da8afe8a53bfc236128de8d5f58dceee7bd61a57,7f862a8cb5652c6848cd7485da8afe8a53bfc236128de8d5f58dceee7bd61a57,True,7f862a8cb5652c6848cd7485da8afe8a53bfc236128de8d5f58dceee7bd61a57,7f862a8cb5652c6848cd7485da8afe8a53bfc236128de8d5f58dceee7bd61a57,7f862a8cb5652c6848cd7485da8afe8a53bfc236128de8d5f58dceee7bd61a57,plain_text,extracted,416,parses_ok,FAILED,PASS,True,FAILED,False,True,False,No frozen allowlist rule triggered.,,False,,False,False,True,False,False,equivalent_extraction
qwen3_5_4b__ce111_q05_exact_fraction_expression__ab2d__seed_2026071301,ce111_q05_exact_fraction_expression,ab2d,2026071301,1d2ce7740ee8a33292e9c60e454cb620066058f81cd99b883a14f9bda3619504,1237,74a6b7e7d0e6d2a35532e0a9ac7ecb8c7248cda1716f90cd61ac69cb319254fd,1d2ce7740ee8a33292e9c60e454cb620066058f81cd99b883a14f9bda3619504,1d2ce7740ee8a33292e9c60e454cb620066058f81cd99b883a14f9bda3619504,True,1d2ce7740ee8a33292e9c60e454cb620066058f81cd99b883a14f9bda3619504,1d2ce7740ee8a33292e9c60e454cb620066058f81cd99b883a14f9bda3619504,1d2ce7740ee8a33292e9c60e454cb620066058f81cd99b883a14f9bda3619504,plain_text,extracted,1237,parses_ok,FAILED,PASS,True,FAILED,False,True,False,No frozen allowlist rule triggered.,,False,,False,False,True,False,False,equivalent_extraction
qwen3_5_4b__ce111_q05_exact_fraction_expression__ab2d__seed_2026072001,ce111_q05_exact_fraction_expression,ab2d,2026072001,cbef978f47ca16fb83e1aaf41670fd7ecf27a59f3ca89b7f56e4142ee600de9e,1546,e6e6a38dcc3b143fcbaef3607f4407a88bcd6b23d3abb7191ca01636b2d996de,cbef978f47ca16fb83e1aaf41670fd7ecf27a59f3ca89b7f56e4142ee600de9e,cbef978f47ca16fb83e1aaf41670fd7ecf27a59f3ca89b7f56e4142ee600de9e,True,cbef978f47ca16fb83e1aaf41670fd7ecf27a59f3ca89b7f56e4142ee600de9e,cbef978f47ca16fb83e1aaf41670fd7ecf27a59f3ca89b7f56e4142ee600de9e,cbef978f47ca16fb83e1aaf41670fd7ecf27a59f3ca89b7f56e4142ee600de9e,plain_text,extracted,1546,parses_ok,PASSED,PASS,False,PASSED,False,False,,,,False,,False,False,True,False,False,equivalent_extraction
qwen3_5_4b__ce111_q05_exact_fraction_expression__ab2d__seed_2026072002,ce111_q05_exact_fraction_expression,ab2d,2026072002,ae78b9662e5572d710a11b5cb6e3e3ea995fa93472eaf85aa1ce5aef37f53c3e,1243,507e58b2e172ff1fb6f1673f28059247a260e02c0583dc69a17c60dc3254009a,ae78b9662e5572d710a11b5cb6e3e3ea995fa93472eaf85aa1ce5aef37f53c3e,ae78b9662e5572d710a11b5cb6e3e3ea995fa93472eaf85aa1ce5aef37f53c3e,True,ae78b9662e5572d710a11b5cb6e3e3ea995fa93472eaf85aa1ce5aef37f53c3e,ae78b9662e5572d710a11b5cb6e3e3ea995fa93472eaf85aa1ce5aef37f53c3e,ae78b9662e5572d710a11b5cb6e3e3ea995fa93472eaf85aa1ce5aef37f53c3e,plain_text,extracted,1243,parses_ok,FAILED,PASS,True,FAILED,False,True,False,No frozen allowlist rule triggered.,,False,,False,False,True,False,False,equivalent_extraction
qwen3_5_4b__ce111_q05_exact_fraction_expression__ab2d__seed_2026072003,ce111_q05_exact_fraction_expression,ab2d,2026072003,33e3d168ca5ca065e3eb87c870f4e6a8f12f98396a0daef8d21d60d1cfd48884,3693,4c6a75d1bb1c5d3864eb6564517bbbedab90b4d16db579bef1eb16b4d2701ca1,9df1f62d4216fc8ea45aebd20bf3d05b4ad101d2fc98a54c3b2c759deabed218,33e3d168ca5ca065e3eb87c870f4e6a8f12f98396a0daef8d21d60d1cfd48884,True,9df1f62d4216fc8ea45aebd20bf3d05b4ad101d2fc98a54c3b2c759deabed218,9df1f62d4216fc8ea45aebd20bf3d05b4ad101d2fc98a54c3b2c759deabed218,9df1f62d4216fc8ea45aebd20bf3d05b4ad101d2fc98a54c3b2c759deabed218,fenced_python,extracted,3680,parses_ok,FAILED,PASS,True,FAILED,False,True,False,No frozen allowlist rule triggered.,,False,,False,False,True,False,False,equivalent_extraction
qwen3_5_4b__ce111_q05_exact_fraction_expression__ab2d__seed_2026072004,ce111_q05_exact_fraction_expression,ab2d,2026072004,bad45eb5333f75d25b3ac49ec91a32ec435d6436aacbb20d4a16094aa3e29dd3,2103,4bc96e4fc5bd34e6b2d7a487a0c4420e21c3792df0a8a2338a1582e192c6d74c,bad45eb5333f75d25b3ac49ec91a32ec435d6436aacbb20d4a16094aa3e29dd3,bad45eb5333f75d25b3ac49ec91a32ec435d6436aacbb20d4a16094aa3e29dd3,True,bad45eb5333f75d25b3ac49ec91a32ec435d6436aacbb20d4a16094aa3e29dd3,bad45eb5333f75d25b3ac49ec91a32ec435d6436aacbb20d4a16094aa3e29dd3,bad45eb5333f75d25b3ac49ec91a32ec435d6436aacbb20d4a16094aa3e29dd3,plain_text,extracted,2103,syntax_error,FAILED,FAIL,True,FAILED,False,True,False,No frozen allowlist rule triggered.,,False,,False,False,True,False,False,normalization_only
qwen3_5_4b__ce111_q05_exact_fraction_expression__ab2d_spec_v2__seed_2026071301,ce111_q05_exact_fraction_expression,ab2d_spec_v2,2026071301,d71946c1ded6382c520702e07aa4f5f00234aaa8b8642c79f9f332626086d219,2155,b5f4ba0ff9d40c8d3bc79a44adae1ee66727e2bc142ec4987981cc2dd26298ab,d71946c1ded6382c520702e07aa4f5f00234aaa8b8642c79f9f332626086d219,d71946c1ded6382c520702e07aa4f5f00234aaa8b8642c79f9f332626086d219,True,d71946c1ded6382c520702e07aa4f5f00234aaa8b8642c79f9f332626086d219,d71946c1ded6382c520702e07aa4f5f00234aaa8b8642c79f9f332626086d219,d71946c1ded6382c520702e07aa4f5f00234aaa8b8642c79f9f332626086d219,plain_text,extracted,2155,syntax_error,FAILED,FAIL,True,FAILED,False,True,False,No frozen allowlist rule triggered.,,False,,False,False,True,False,False,normalization_only
qwen3_5_4b__ce111_q05_exact_fraction_expression__ab2d_spec_v2__seed_2026072001,ce111_q05_exact_fraction_expression,ab2d_spec_v2,2026072001,59606ce4d29100bb48a68426d220270adb4e70e02b5ebdd3e0086de0d40c6cdf,1011,1ecbfc0d3372cceb255947535329916862f926147750670afd4db6bb90c3bf68,59606ce4d29100bb48a68426d220270adb4e70e02b5ebdd3e0086de0d40c6cdf,59606ce4d29100bb48a68426d220270adb4e70e02b5ebdd3e0086de0d40c6cdf,True,59606ce4d29100bb48a68426d220270adb4e70e02b5ebdd3e0086de0d40c6cdf,59606ce4d29100bb48a68426d220270adb4e70e02b5ebdd3e0086de0d40c6cdf,59606ce4d29100bb48a68426d220270adb4e70e02b5ebdd3e0086de0d40c6cdf,plain_text,extracted,1011,parses_ok,FAILED,PASS,True,FAILED,False,True,False,No frozen allowlist rule triggered.,,False,,False,False,True,False,False,equivalent_extraction
qwen3_5_4b__ce111_q05_exact_fraction_expression__ab2d_spec_v2__seed_2026072002,ce111_q05_exact_fraction_expression,ab2d_spec_v2,2026072002,8e924c2416a1ddf04b71c8d8398288e69be8d4c21f4235d9a8e0c0c044017c4a,1780,6f4fa37ff8c3ad5eb440a468a5cda183197af13e86f054e8f30dad872b958149,8e924c2416a1ddf04b71c8d8398288e69be8d4c21f4235d9a8e0c0c044017c4a,8e924c2416a1ddf04b71c8d8398288e69be8d4c21f4235d9a8e0c0c044017c4a,True,8e924c2416a1ddf04b71c8d8398288e69be8d4c21f4235d9a8e0c0c044017c4a,8e924c2416a1ddf04b71c8d8398288e69be8d4c21f4235d9a8e0c0c044017c4a,8e924c2416a1ddf04b71c8d8398288e69be8d4c21f4235d9a8e0c0c044017c4a,plain_text,extracted,1780,parses_ok,FAILED,PASS,True,FAILED,False,True,False,No frozen allowlist rule triggered.,,False,,False,False,True,False,False,equivalent_extraction
qwen3_5_4b__ce111_q05_exact_fraction_expression__ab2d_spec_v2__seed_2026072003,ce111_q05_exact_fraction_expression,ab2d_spec_v2,2026072003,c725d279f7eee2ed1229fd5f92af5470356613359ef63e99cc4875a4c02ff385,1374,f08a870f1b4b055c30c07a289948f91373c9511c1aa575c03b24b867609a5830,c725d279f7eee2ed1229fd5f92af5470356613359ef63e99cc4875a4c02ff385,c725d279f7eee2ed1229fd5f92af5470356613359ef63e99cc4875a4c02ff385,True,c725d279f7eee2ed1229fd5f92af5470356613359ef63e99cc4875a4c02ff385,c725d279f7eee2ed1229fd5f92af5470356613359ef63e99cc4875a4c02ff385,c725d279f7eee2ed1229fd5f92af5470356613359ef63e99cc4875a4c02ff385,plain_text,extracted,1374,syntax_error,FAILED,FAIL,True,FAILED,False,True,False,No frozen allowlist rule triggered.,,False,,False,False,True,False,False,normalization_only
qwen3_5_4b__ce111_q05_exact_fraction_expression__ab2d_spec_v2__seed_2026072004,ce111_q05_exact_fraction_expression,ab2d_spec_v2,2026072004,f838ff92c223a5ea04592447ff6ac223d8b529340cab9d395786735272126d9b,1393,738f21c601b531c929befbe8888730bbd5b8a252ed7af09b1eccad643cd975c5,f838ff92c223a5ea04592447ff6ac223d8b529340cab9d395786735272126d9b,f838ff92c223a5ea04592447ff6ac223d8b529340cab9d395786735272126d9b,True,f838ff92c223a5ea04592447ff6ac223d8b529340cab9d395786735272126d9b,f838ff92c223a5ea04592447ff6ac223d8b529340cab9d395786735272126d9b,f838ff92c223a5ea04592447ff6ac223d8b529340cab9d395786735272126d9b,plain_text,extracted,1393,parses_ok,FAILED,PASS,True,FAILED,False,True,False,No frozen allowlist rule triggered.,,False,,False,False,True,False,False,equivalent_extraction
qwen3_5_4b__ce111_q05_exact_fraction_expression__ab2g__seed_2026071301,ce111_q05_exact_fraction_expression,ab2g,2026071301,6af7a6a4772eb39dcaeda2ed36b73900ec9118800e0a1d606415ba92e8565aaa,1790,3e13a6e5b096105e82fe4d82faaee9405eae5214a559329bd1f3ca8d6fc5262b,6af7a6a4772eb39dcaeda2ed36b73900ec9118800e0a1d606415ba92e8565aaa,6af7a6a4772eb39dcaeda2ed36b73900ec9118800e0a1d606415ba92e8565aaa,True,6af7a6a4772eb39dcaeda2ed36b73900ec9118800e0a1d606415ba92e8565aaa,6af7a6a4772eb39dcaeda2ed36b73900ec9118800e0a1d606415ba92e8565aaa,6af7a6a4772eb39dcaeda2ed36b73900ec9118800e0a1d606415ba92e8565aaa,plain_text,extracted,1790,parses_ok,PASSED,PASS,False,PASSED,False,False,,,,False,,False,False,True,False,False,equivalent_extraction
qwen3_5_4b__ce111_q05_exact_fraction_expression__ab2g__seed_2026072001,ce111_q05_exact_fraction_expression,ab2g,2026072001,85500b6eb234e4bb58859724b774052ae6c88e279d5df5a1329740cde6fca8ab,2119,69141cdb5f50277ada3508c9922f9ae3363d0ca431a4dd80658c28116d804e44,85500b6eb234e4bb58859724b774052ae6c88e279d5df5a1329740cde6fca8ab,85500b6eb234e4bb58859724b774052ae6c88e279d5df5a1329740cde6fca8ab,True,85500b6eb234e4bb58859724b774052ae6c88e279d5df5a1329740cde6fca8ab,85500b6eb234e4bb58859724b774052ae6c88e279d5df5a1329740cde6fca8ab,85500b6eb234e4bb58859724b774052ae6c88e279d5df5a1329740cde6fca8ab,plain_text,extracted,2119,syntax_error,FAILED,FAIL,True,FAILED,False,True,False,No frozen allowlist rule triggered.,,False,,False,False,True,False,False,normalization_only
qwen3_5_4b__ce111_q05_exact_fraction_expression__ab2g__seed_2026072002,ce111_q05_exact_fraction_expression,ab2g,2026072002,cc1371b2df40acf828d5ef2eb142ea416261fb5920db2fa262603c9dd341fe7d,1021,63b7d88c1c2cc75cca594c8f193a941042a0af86b2bb93bf2fce5d5520125bba,cc1371b2df40acf828d5ef2eb142ea416261fb5920db2fa262603c9dd341fe7d,cc1371b2df40acf828d5ef2eb142ea416261fb5920db2fa262603c9dd341fe7d,True,cc1371b2df40acf828d5ef2eb142ea416261fb5920db2fa262603c9dd341fe7d,cc1371b2df40acf828d5ef2eb142ea416261fb5920db2fa262603c9dd341fe7d,cc1371b2df40acf828d5ef2eb142ea416261fb5920db2fa262603c9dd341fe7d,plain_text,extracted,1021,parses_ok,PASSED,PASS,False,PASSED,False,False,,,,False,,False,False,True,False,False,equivalent_extraction
qwen3_5_4b__ce111_q05_exact_fraction_expression__ab2g__seed_2026072003,ce111_q05_exact_fraction_expression,ab2g,2026072003,0939f0a01ed1de38ab3e544c84a9fee327a08fc028adbdfdda6f437ee489802f,1264,fda9ab1028b5004e6fa35cccb58eb860d8652a1390a30aec3db10d9ea9d723b0,0939f0a01ed1de38ab3e544c84a9fee327a08fc028adbdfdda6f437ee489802f,0939f0a01ed1de38ab3e544c84a9fee327a08fc028adbdfdda6f437ee489802f,True,0939f0a01ed1de38ab3e544c84a9fee327a08fc028adbdfdda6f437ee489802f,0939f0a01ed1de38ab3e544c84a9fee327a08fc028adbdfdda6f437ee489802f,0939f0a01ed1de38ab3e544c84a9fee327a08fc028adbdfdda6f437ee489802f,plain_text,extracted,1264,parses_ok,FAILED,PASS,True,FAILED,False,True,False,No frozen allowlist rule triggered.,,False,,False,False,True,False,False,equivalent_extraction
qwen3_5_4b__ce111_q05_exact_fraction_expression__ab2g__seed_2026072004,ce111_q05_exact_fraction_expression,ab2g,2026072004,e54e3e6ad623c10f61f3664c282ac1f902f801665e40358f919e6f7e0bc41212,1152,2b1c51213c009897a09c590426f2798f5804ee78f6402c6db5a4d66076e3e7c9,e54e3e6ad623c10f61f3664c282ac1f902f801665e40358f919e6f7e0bc41212,e54e3e6ad623c10f61f3664c282ac1f902f801665e40358f919e6f7e0bc41212,True,e54e3e6ad623c10f61f3664c282ac1f902f801665e40358f919e6f7e0bc41212,e54e3e6ad623c10f61f3664c282ac1f902f801665e40358f919e6f7e0bc41212,e54e3e6ad623c10f61f3664c282ac1f902f801665e40358f919e6f7e0bc41212,plain_text,extracted,1152,parses_ok,PASSED,PASS,False,PASSED,False,False,,,,False,,False,False,True,False,False,equivalent_extraction
qwen3_5_4b__ce111_q08_polynomial_factor_parameter_recovery__ab1__seed_2026071301,ce111_q08_polynomial_factor_parameter_recovery,ab1,2026071301,771fb1cad94711b3b0135e6a65b287f0e4cc33349385ae78c30252a7e7bd4f8c,24645,f6cbfc4ed4933ee92ea73ebc245c2a62529c8bd56892fe7dd13c91e21a3599f9,771fb1cad94711b3b0135e6a65b287f0e4cc33349385ae78c30252a7e7bd4f8c,771fb1cad94711b3b0135e6a65b287f0e4cc33349385ae78c30252a7e7bd4f8c,True,771fb1cad94711b3b0135e6a65b287f0e4cc33349385ae78c30252a7e7bd4f8c,771fb1cad94711b3b0135e6a65b287f0e4cc33349385ae78c30252a7e7bd4f8c,771fb1cad94711b3b0135e6a65b287f0e4cc33349385ae78c30252a7e7bd4f8c,plain_text,extracted,24645,syntax_error,FAILED,FAIL,True,FAILED,False,True,False,No frozen allowlist rule triggered.,,False,,False,False,True,False,False,normalization_only
qwen3_5_4b__ce111_q08_polynomial_factor_parameter_recovery__ab1__seed_2026072001,ce111_q08_polynomial_factor_parameter_recovery,ab1,2026072001,d341b3ba6d505be4c2be4a2ca12925c0ca87bdf9e515b5fc04a7ee2afdd739e0,12531,b3ee4f5d5b388974d4a1d81b63513fc5e05b80afd07228f5c961d69829a656ae,d341b3ba6d505be4c2be4a2ca12925c0ca87bdf9e515b5fc04a7ee2afdd739e0,d341b3ba6d505be4c2be4a2ca12925c0ca87bdf9e515b5fc04a7ee2afdd739e0,True,d341b3ba6d505be4c2be4a2ca12925c0ca87bdf9e515b5fc04a7ee2afdd739e0,d341b3ba6d505be4c2be4a2ca12925c0ca87bdf9e515b5fc04a7ee2afdd739e0,d341b3ba6d505be4c2be4a2ca12925c0ca87bdf9e515b5fc04a7ee2afdd739e0,plain_text,extracted,12531,parses_ok,PASSED,PASS,False,PASSED,False,False,,,,False,,False,False,True,False,False,equivalent_extraction
qwen3_5_4b__ce111_q08_polynomial_factor_parameter_recovery__ab1__seed_2026072002,ce111_q08_polynomial_factor_parameter_recovery,ab1,2026072002,37624f87b8f62719abf385b2bec15d448ceda4aab4fbce5d054a045195ae12ee,1671,8cf75d88fd00957111c4d371f11f0475fd5847836de74245befc75451aaebf2b,37624f87b8f62719abf385b2bec15d448ceda4aab4fbce5d054a045195ae12ee,37624f87b8f62719abf385b2bec15d448ceda4aab4fbce5d054a045195ae12ee,True,37624f87b8f62719abf385b2bec15d448ceda4aab4fbce5d054a045195ae12ee,37624f87b8f62719abf385b2bec15d448ceda4aab4fbce5d054a045195ae12ee,37624f87b8f62719abf385b2bec15d448ceda4aab4fbce5d054a045195ae12ee,plain_text,extracted,1671,parses_ok,FAILED,PASS,True,FAILED,False,True,False,No frozen allowlist rule triggered.,,False,,False,False,True,False,False,equivalent_extraction
qwen3_5_4b__ce111_q08_polynomial_factor_parameter_recovery__ab1__seed_2026072003,ce111_q08_polynomial_factor_parameter_recovery,ab1,2026072003,4939742a3e296a2915c8907fe208f115cd071f226659a8ca5bf5790b5520c13a,509,e01ccd3c770960563f4633e5bfc06231e4bee4b72c22d8e45e0d827dd99ddaf0,4939742a3e296a2915c8907fe208f115cd071f226659a8ca5bf5790b5520c13a,4939742a3e296a2915c8907fe208f115cd071f226659a8ca5bf5790b5520c13a,True,4939742a3e296a2915c8907fe208f115cd071f226659a8ca5bf5790b5520c13a,4939742a3e296a2915c8907fe208f115cd071f226659a8ca5bf5790b5520c13a,4939742a3e296a2915c8907fe208f115cd071f226659a8ca5bf5790b5520c13a,plain_text,extracted,509,parses_ok,FAILED,PASS,True,FAILED,False,True,False,No frozen allowlist rule triggered.,,False,,False,False,True,False,False,equivalent_extraction
qwen3_5_4b__ce111_q08_polynomial_factor_parameter_recovery__ab1__seed_2026072004,ce111_q08_polynomial_factor_parameter_recovery,ab1,2026072004,3015ceb3f813e6e4519d983e0085fb747ecf5da59385f9d0c868b8a86928334e,1557,b0eb0e9fb3e8302e81fc625ae759422503f658f4d541eef9223361fd75a819a3,3015ceb3f813e6e4519d983e0085fb747ecf5da59385f9d0c868b8a86928334e,3015ceb3f813e6e4519d983e0085fb747ecf5da59385f9d0c868b8a86928334e,True,3015ceb3f813e6e4519d983e0085fb747ecf5da59385f9d0c868b8a86928334e,3015ceb3f813e6e4519d983e0085fb747ecf5da59385f9d0c868b8a86928334e,3015ceb3f813e6e4519d983e0085fb747ecf5da59385f9d0c868b8a86928334e,plain_text,extracted,1557,parses_ok,FAILED,PASS,True,FAILED,False,True,False,No frozen allowlist rule triggered.,,False,,False,False,True,False,False,equivalent_extraction
qwen3_5_4b__ce111_q08_polynomial_factor_parameter_recovery__ab2d__seed_2026071301,ce111_q08_polynomial_factor_parameter_recovery,ab2d,2026071301,8b9fb863cd890aa0cfd37d5f06c8ac3e8c05655ec379410e9061a24f334f6c63,8014,82c5ab96c33a11907b304b6e3802b2dab54a88e0109dda22864d00ed07a8c71f,8b9fb863cd890aa0cfd37d5f06c8ac3e8c05655ec379410e9061a24f334f6c63,8b9fb863cd890aa0cfd37d5f06c8ac3e8c05655ec379410e9061a24f334f6c63,True,8b9fb863cd890aa0cfd37d5f06c8ac3e8c05655ec379410e9061a24f334f6c63,8b9fb863cd890aa0cfd37d5f06c8ac3e8c05655ec379410e9061a24f334f6c63,8b9fb863cd890aa0cfd37d5f06c8ac3e8c05655ec379410e9061a24f334f6c63,plain_text,extracted,8014,parses_ok,FAILED,PASS,True,FAILED,False,True,False,No frozen allowlist rule triggered.,,False,,False,False,True,False,False,equivalent_extraction
qwen3_5_4b__ce111_q08_polynomial_factor_parameter_recovery__ab2d__seed_2026072001,ce111_q08_polynomial_factor_parameter_recovery,ab2d,2026072001,3a90164332582353ebd08a2ae00857083075a0d608a84764456739d65ba8873c,6961,9b3938154820b12e5afddb10e510c35c44e87024fab625f69015041d60f2d758,3a90164332582353ebd08a2ae00857083075a0d608a84764456739d65ba8873c,3a90164332582353ebd08a2ae00857083075a0d608a84764456739d65ba8873c,True,3a90164332582353ebd08a2ae00857083075a0d608a84764456739d65ba8873c,3a90164332582353ebd08a2ae00857083075a0d608a84764456739d65ba8873c,3a90164332582353ebd08a2ae00857083075a0d608a84764456739d65ba8873c,plain_text,extracted,6961,parses_ok,PASSED,PASS,False,PASSED,False,False,,,,False,,False,False,True,False,False,equivalent_extraction
qwen3_5_4b__ce111_q08_polynomial_factor_parameter_recovery__ab2d__seed_2026072002,ce111_q08_polynomial_factor_parameter_recovery,ab2d,2026072002,c31ccf4da8a859c4913ddbeb7bf2e4fd19e0a2b9660e10ff1791757e8ab03847,20013,7acf4e4ef04fb4f675e0eb43dc0f885b9330a1a6bcd49ece1a1aa9babc8bde52,c31ccf4da8a859c4913ddbeb7bf2e4fd19e0a2b9660e10ff1791757e8ab03847,c31ccf4da8a859c4913ddbeb7bf2e4fd19e0a2b9660e10ff1791757e8ab03847,True,c31ccf4da8a859c4913ddbeb7bf2e4fd19e0a2b9660e10ff1791757e8ab03847,c31ccf4da8a859c4913ddbeb7bf2e4fd19e0a2b9660e10ff1791757e8ab03847,c31ccf4da8a859c4913ddbeb7bf2e4fd19e0a2b9660e10ff1791757e8ab03847,plain_text,extracted,20013,syntax_error,FAILED,FAIL,True,FAILED,False,True,False,No frozen allowlist rule triggered.,,False,,False,False,True,False,False,normalization_only
qwen3_5_4b__ce111_q08_polynomial_factor_parameter_recovery__ab2d__seed_2026072003,ce111_q08_polynomial_factor_parameter_recovery,ab2d,2026072003,d1ce01151ecc96ec652363e43aa252878d9b87f61c9cea5fc7d1bb67b0c57af2,5558,93cd7cfca054ddda44fb0e912fdde826693f4ef16d86cf42c2d1052b2e637acd,d1ce01151ecc96ec652363e43aa252878d9b87f61c9cea5fc7d1bb67b0c57af2,d1ce01151ecc96ec652363e43aa252878d9b87f61c9cea5fc7d1bb67b0c57af2,True,d1ce01151ecc96ec652363e43aa252878d9b87f61c9cea5fc7d1bb67b0c57af2,d1ce01151ecc96ec652363e43aa252878d9b87f61c9cea5fc7d1bb67b0c57af2,d1ce01151ecc96ec652363e43aa252878d9b87f61c9cea5fc7d1bb67b0c57af2,plain_text,extracted,5558,parses_ok,PASSED,PASS,False,PASSED,False,False,,,,False,,False,False,True,False,False,equivalent_extraction
qwen3_5_4b__ce111_q08_polynomial_factor_parameter_recovery__ab2d__seed_2026072004,ce111_q08_polynomial_factor_parameter_recovery,ab2d,2026072004,26c4bf7cb5800d0c9ed28b467552ffee7b521a66f9a2ce7c74c913773abc36ac,30216,eb96cc59bc7c797069651dd4d826fd0f47cd9883853cc20a96d7d41914e1f5a4,26c4bf7cb5800d0c9ed28b467552ffee7b521a66f9a2ce7c74c913773abc36ac,26c4bf7cb5800d0c9ed28b467552ffee7b521a66f9a2ce7c74c913773abc36ac,True,26c4bf7cb5800d0c9ed28b467552ffee7b521a66f9a2ce7c74c913773abc36ac,26c4bf7cb5800d0c9ed28b467552ffee7b521a66f9a2ce7c74c913773abc36ac,26c4bf7cb5800d0c9ed28b467552ffee7b521a66f9a2ce7c74c913773abc36ac,plain_text,extracted,30216,parses_ok,FAILED,PASS,True,FAILED,False,True,False,Ambiguous entry point; frozen healer abstains.,,False,,False,False,True,False,False,equivalent_extraction
qwen3_5_4b__ce111_q08_polynomial_factor_parameter_recovery__ab2d_spec_v2__seed_2026071301,ce111_q08_polynomial_factor_parameter_recovery,ab2d_spec_v2,2026071301,1b0369accfb2f726dc080df063245d1453467299149a066a526a2b6cb3457a7f,22036,61064ae106e729cfd53d46d63c12d6c6554663f9f739c01d15270280c67aa405,1b0369accfb2f726dc080df063245d1453467299149a066a526a2b6cb3457a7f,1b0369accfb2f726dc080df063245d1453467299149a066a526a2b6cb3457a7f,True,1b0369accfb2f726dc080df063245d1453467299149a066a526a2b6cb3457a7f,1b0369accfb2f726dc080df063245d1453467299149a066a526a2b6cb3457a7f,1b0369accfb2f726dc080df063245d1453467299149a066a526a2b6cb3457a7f,plain_text,extracted,22036,syntax_error,FAILED,FAIL,True,FAILED,False,True,False,No frozen allowlist rule triggered.,,False,,False,False,True,False,False,normalization_only
qwen3_5_4b__ce111_q08_polynomial_factor_parameter_recovery__ab2d_spec_v2__seed_2026072001,ce111_q08_polynomial_factor_parameter_recovery,ab2d_spec_v2,2026072001,e520cccb9c85403370268e05c3a9268ce4b92c7ea08e4eedc52272eef2927860,2599,9934d8937a54c447cd8b1cf835e3608ba6f3d53a3028afb949108f5550b5cc00,e520cccb9c85403370268e05c3a9268ce4b92c7ea08e4eedc52272eef2927860,e520cccb9c85403370268e05c3a9268ce4b92c7ea08e4eedc52272eef2927860,True,e520cccb9c85403370268e05c3a9268ce4b92c7ea08e4eedc52272eef2927860,e520cccb9c85403370268e05c3a9268ce4b92c7ea08e4eedc52272eef2927860,e520cccb9c85403370268e05c3a9268ce4b92c7ea08e4eedc52272eef2927860,plain_text,extracted,2599,parses_ok,FAILED,PASS,True,FAILED,False,True,False,No frozen allowlist rule triggered.,,False,,False,False,True,False,False,equivalent_extraction
qwen3_5_4b__ce111_q08_polynomial_factor_parameter_recovery__ab2d_spec_v2__seed_2026072002,ce111_q08_polynomial_factor_parameter_recovery,ab2d_spec_v2,2026072002,47f1b693d5e925f0648743cec413c8f1f68d783972d4729685c66bdbc570526a,4373,c64572b6ade75df252e8d3e4b487f28822b2a40b10e007147d8a9b2c560d894f,47f1b693d5e925f0648743cec413c8f1f68d783972d4729685c66bdbc570526a,47f1b693d5e925f0648743cec413c8f1f68d783972d4729685c66bdbc570526a,True,47f1b693d5e925f0648743cec413c8f1f68d783972d4729685c66bdbc570526a,47f1b693d5e925f0648743cec413c8f1f68d783972d4729685c66bdbc570526a,47f1b693d5e925f0648743cec413c8f1f68d783972d4729685c66bdbc570526a,plain_text,extracted,4373,parses_ok,PASSED,PASS,False,PASSED,False,False,,,,False,,False,False,True,False,False,equivalent_extraction
qwen3_5_4b__ce111_q08_polynomial_factor_parameter_recovery__ab2d_spec_v2__seed_2026072003,ce111_q08_polynomial_factor_parameter_recovery,ab2d_spec_v2,2026072003,47fe41b623bf065bab05c651fc67bd688bf37f6408eebe156ad53c5388d0f301,4873,024b3ff2ce8aa388b291dc74eae677640fcd498a21473eb965f59ebad6a8a7a6,47fe41b623bf065bab05c651fc67bd688bf37f6408eebe156ad53c5388d0f301,47fe41b623bf065bab05c651fc67bd688bf37f6408eebe156ad53c5388d0f301,True,47fe41b623bf065bab05c651fc67bd688bf37f6408eebe156ad53c5388d0f301,47fe41b623bf065bab05c651fc67bd688bf37f6408eebe156ad53c5388d0f301,47fe41b623bf065bab05c651fc67bd688bf37f6408eebe156ad53c5388d0f301,plain_text,extracted,4873,parses_ok,FAILED,PASS,True,FAILED,False,True,False,No frozen allowlist rule triggered.,,False,,False,False,True,False,False,equivalent_extraction
qwen3_5_4b__ce111_q08_polynomial_factor_parameter_recovery__ab2d_spec_v2__seed_2026072004,ce111_q08_polynomial_factor_parameter_recovery,ab2d_spec_v2,2026072004,ea5086dc4b80468c739e26d06e317d679912c6141fb2c08f813de650eb82a688,3470,edb575b71cd236d7389384c590bace52a56a431e6aa9144aeb1aa505273169e2,ea5086dc4b80468c739e26d06e317d679912c6141fb2c08f813de650eb82a688,ea5086dc4b80468c739e26d06e317d679912c6141fb2c08f813de650eb82a688,True,ea5086dc4b80468c739e26d06e317d679912c6141fb2c08f813de650eb82a688,ea5086dc4b80468c739e26d06e317d679912c6141fb2c08f813de650eb82a688,ea5086dc4b80468c739e26d06e317d679912c6141fb2c08f813de650eb82a688,plain_text,extracted,3470,parses_ok,PASSED,PASS,False,PASSED,False,False,,,,False,,False,False,True,False,False,equivalent_extraction
qwen3_5_4b__ce111_q08_polynomial_factor_parameter_recovery__ab2g__seed_2026071301,ce111_q08_polynomial_factor_parameter_recovery,ab2g,2026071301,7f3f8c012101eb1aa583f21dee591e1fcdb91e9cdaece987a24d89dcc3f4eb0f,833,7aca9e2d24df6260a8d2d1bd5ae20b9aea1bab28767fc154caa0958a134158f8,7f3f8c012101eb1aa583f21dee591e1fcdb91e9cdaece987a24d89dcc3f4eb0f,7f3f8c012101eb1aa583f21dee591e1fcdb91e9cdaece987a24d89dcc3f4eb0f,True,7f3f8c012101eb1aa583f21dee591e1fcdb91e9cdaece987a24d89dcc3f4eb0f,7f3f8c012101eb1aa583f21dee591e1fcdb91e9cdaece987a24d89dcc3f4eb0f,7f3f8c012101eb1aa583f21dee591e1fcdb91e9cdaece987a24d89dcc3f4eb0f,plain_text,extracted,833,parses_ok,FAILED,PASS,True,FAILED,False,True,False,No frozen allowlist rule triggered.,,False,,False,False,True,False,False,equivalent_extraction
qwen3_5_4b__ce111_q08_polynomial_factor_parameter_recovery__ab2g__seed_2026072001,ce111_q08_polynomial_factor_parameter_recovery,ab2g,2026072001,ab738c7de758693e0b2cc577e63b7077362500d9762b1efd3e61910473d40bf4,2842,22a8e205a15552bb69d3275b630cbd912f07dcaae4933962a22632dc99b0a201,ab738c7de758693e0b2cc577e63b7077362500d9762b1efd3e61910473d40bf4,ab738c7de758693e0b2cc577e63b7077362500d9762b1efd3e61910473d40bf4,True,ab738c7de758693e0b2cc577e63b7077362500d9762b1efd3e61910473d40bf4,ab738c7de758693e0b2cc577e63b7077362500d9762b1efd3e61910473d40bf4,ab738c7de758693e0b2cc577e63b7077362500d9762b1efd3e61910473d40bf4,plain_text,extracted,2842,parses_ok,FAILED,PASS,True,FAILED,False,True,False,No frozen allowlist rule triggered.,,False,,False,False,True,False,False,equivalent_extraction
qwen3_5_4b__ce111_q08_polynomial_factor_parameter_recovery__ab2g__seed_2026072002,ce111_q08_polynomial_factor_parameter_recovery,ab2g,2026072002,3905182c93b1e47fb76212ed841739140d172f0b4e9203846afd267234a63550,623,f6b03f54ede3e7bc88bed831417ca2ed3c2071fe3b8e52fac550742feff4a141,3905182c93b1e47fb76212ed841739140d172f0b4e9203846afd267234a63550,3905182c93b1e47fb76212ed841739140d172f0b4e9203846afd267234a63550,True,3905182c93b1e47fb76212ed841739140d172f0b4e9203846afd267234a63550,3905182c93b1e47fb76212ed841739140d172f0b4e9203846afd267234a63550,3905182c93b1e47fb76212ed841739140d172f0b4e9203846afd267234a63550,plain_text,extracted,623,parses_ok,FAILED,PASS,True,FAILED,False,True,False,No frozen allowlist rule triggered.,,False,,False,False,True,False,False,equivalent_extraction
qwen3_5_4b__ce111_q08_polynomial_factor_parameter_recovery__ab2g__seed_2026072003,ce111_q08_polynomial_factor_parameter_recovery,ab2g,2026072003,bd6e7e914dbf7387faa682790da1d818f7298a5103ed28e7cca1860f5ca216eb,817,27882977e7c6adedcc677029a96b067bc25975b469bbd70cdfb0d275e14570cf,bd6e7e914dbf7387faa682790da1d818f7298a5103ed28e7cca1860f5ca216eb,bd6e7e914dbf7387faa682790da1d818f7298a5103ed28e7cca1860f5ca216eb,True,bd6e7e914dbf7387faa682790da1d818f7298a5103ed28e7cca1860f5ca216eb,bd6e7e914dbf7387faa682790da1d818f7298a5103ed28e7cca1860f5ca216eb,bd6e7e914dbf7387faa682790da1d818f7298a5103ed28e7cca1860f5ca216eb,plain_text,extracted,817,parses_ok,FAILED,PASS,True,FAILED,False,True,False,No frozen allowlist rule triggered.,,False,,False,False,True,False,False,equivalent_extraction
qwen3_5_4b__ce111_q08_polynomial_factor_parameter_recovery__ab2g__seed_2026072004,ce111_q08_polynomial_factor_parameter_recovery,ab2g,2026072004,4f39d7f26fbbf4667db353d8b592023bac8f147e971bb087ce9724957185afad,732,54a65e1ae3d786054b36696555b8805ed355c08a93f6f8ce427ac872f6d84345,4f39d7f26fbbf4667db353d8b592023bac8f147e971bb087ce9724957185afad,4f39d7f26fbbf4667db353d8b592023bac8f147e971bb087ce9724957185afad,True,4f39d7f26fbbf4667db353d8b592023bac8f147e971bb087ce9724957185afad,4f39d7f26fbbf4667db353d8b592023bac8f147e971bb087ce9724957185afad,4f39d7f26fbbf4667db353d8b592023bac8f147e971bb087ce9724957185afad,plain_text,extracted,732,parses_ok,FAILED,PASS,True,FAILED,False,True,False,No frozen allowlist rule triggered.,,False,,False,False,True,False,False,equivalent_extraction
qwen3_5_4b__ce111_q10_ordered_quadratic_roots_radical__ab1__seed_2026071301,ce111_q10_ordered_quadratic_roots_radical,ab1,2026071301,12f7ebf3d18279fc08c23d9547ec2c059f738989f652b8b22c88c5950134803b,551,7eab4d270c74796354a9955454e62aa59f2e705d1925c3495d788ee7babbe2f5,12f7ebf3d18279fc08c23d9547ec2c059f738989f652b8b22c88c5950134803b,12f7ebf3d18279fc08c23d9547ec2c059f738989f652b8b22c88c5950134803b,True,12f7ebf3d18279fc08c23d9547ec2c059f738989f652b8b22c88c5950134803b,12f7ebf3d18279fc08c23d9547ec2c059f738989f652b8b22c88c5950134803b,12f7ebf3d18279fc08c23d9547ec2c059f738989f652b8b22c88c5950134803b,plain_text,extracted,551,parses_ok,FAILED,PASS,True,FAILED,False,True,False,No frozen allowlist rule triggered.,,False,,False,False,True,False,False,equivalent_extraction
qwen3_5_4b__ce111_q10_ordered_quadratic_roots_radical__ab1__seed_2026072001,ce111_q10_ordered_quadratic_roots_radical,ab1,2026072001,c37819975dcf2ddd36c8ff99dfb880702252899b14ab0b7d92ae4ee8bcc4c9e7,358,ba2bcb08ce6d78db222ecbdce6c91c927ed2d371d59d91c524b9f1e5c9f2fbb1,c37819975dcf2ddd36c8ff99dfb880702252899b14ab0b7d92ae4ee8bcc4c9e7,c37819975dcf2ddd36c8ff99dfb880702252899b14ab0b7d92ae4ee8bcc4c9e7,True,c37819975dcf2ddd36c8ff99dfb880702252899b14ab0b7d92ae4ee8bcc4c9e7,c37819975dcf2ddd36c8ff99dfb880702252899b14ab0b7d92ae4ee8bcc4c9e7,c37819975dcf2ddd36c8ff99dfb880702252899b14ab0b7d92ae4ee8bcc4c9e7,plain_text,extracted,358,parses_ok,FAILED,PASS,True,FAILED,False,True,False,No frozen allowlist rule triggered.,,False,,False,False,True,False,False,equivalent_extraction
qwen3_5_4b__ce111_q10_ordered_quadratic_roots_radical__ab1__seed_2026072002,ce111_q10_ordered_quadratic_roots_radical,ab1,2026072002,6dd12bb1fbd5b73fcd8a3eb53aeced38eee127aee9c637b102f3ec178a200180,721,c5c83eff84848fbdfe314400e5aab2ced7f45cdbdf45349dbe7cccabfb4fe47f,6dd12bb1fbd5b73fcd8a3eb53aeced38eee127aee9c637b102f3ec178a200180,6dd12bb1fbd5b73fcd8a3eb53aeced38eee127aee9c637b102f3ec178a200180,True,6dd12bb1fbd5b73fcd8a3eb53aeced38eee127aee9c637b102f3ec178a200180,6dd12bb1fbd5b73fcd8a3eb53aeced38eee127aee9c637b102f3ec178a200180,6dd12bb1fbd5b73fcd8a3eb53aeced38eee127aee9c637b102f3ec178a200180,plain_text,extracted,721,parses_ok,FAILED,PASS,True,FAILED,False,True,False,No frozen allowlist rule triggered.,,False,,False,False,True,False,False,equivalent_extraction
qwen3_5_4b__ce111_q10_ordered_quadratic_roots_radical__ab1__seed_2026072003,ce111_q10_ordered_quadratic_roots_radical,ab1,2026072003,9cb7d8c761e14548e96262950f54e31420a1407fab45127327e7f0581f498146,4096,5dd58d3ac841dbefcb83b7d117ed18604fda962cbc9e17c82db551d9d652c66f,9cb7d8c761e14548e96262950f54e31420a1407fab45127327e7f0581f498146,9cb7d8c761e14548e96262950f54e31420a1407fab45127327e7f0581f498146,True,9cb7d8c761e14548e96262950f54e31420a1407fab45127327e7f0581f498146,9cb7d8c761e14548e96262950f54e31420a1407fab45127327e7f0581f498146,9cb7d8c761e14548e96262950f54e31420a1407fab45127327e7f0581f498146,plain_text,extracted,4096,parses_ok,FAILED,PASS,True,FAILED,False,True,False,No frozen allowlist rule triggered.,,False,,False,False,True,False,False,equivalent_extraction
qwen3_5_4b__ce111_q10_ordered_quadratic_roots_radical__ab1__seed_2026072004,ce111_q10_ordered_quadratic_roots_radical,ab1,2026072004,4bd889ce1387068e1b87a1f05a097513ade8a75993b59813b59a09a278136dcc,667,55dbf480aad8d29b0d88d71ad361b238ef4025e4dc365ff5989fd332e8e69a44,4bd889ce1387068e1b87a1f05a097513ade8a75993b59813b59a09a278136dcc,4bd889ce1387068e1b87a1f05a097513ade8a75993b59813b59a09a278136dcc,True,4bd889ce1387068e1b87a1f05a097513ade8a75993b59813b59a09a278136dcc,4bd889ce1387068e1b87a1f05a097513ade8a75993b59813b59a09a278136dcc,4bd889ce1387068e1b87a1f05a097513ade8a75993b59813b59a09a278136dcc,plain_text,extracted,667,parses_ok,FAILED,PASS,True,FAILED,False,True,False,No frozen allowlist rule triggered.,,False,,False,False,True,False,False,equivalent_extraction
qwen3_5_4b__ce111_q10_ordered_quadratic_roots_radical__ab2d__seed_2026071301,ce111_q10_ordered_quadratic_roots_radical,ab2d,2026071301,39c6100eb78168ce74c3c7ec4e6b61cc3e5a0c43b7c83f8dce25e4f8c99cf21c,5243,927478273dd818a58e215c42e89eb9c53e02526bf1993da5301f9816bcd7fc30,39c6100eb78168ce74c3c7ec4e6b61cc3e5a0c43b7c83f8dce25e4f8c99cf21c,39c6100eb78168ce74c3c7ec4e6b61cc3e5a0c43b7c83f8dce25e4f8c99cf21c,True,39c6100eb78168ce74c3c7ec4e6b61cc3e5a0c43b7c83f8dce25e4f8c99cf21c,39c6100eb78168ce74c3c7ec4e6b61cc3e5a0c43b7c83f8dce25e4f8c99cf21c,39c6100eb78168ce74c3c7ec4e6b61cc3e5a0c43b7c83f8dce25e4f8c99cf21c,plain_text,extracted,5243,parses_ok,FAILED,PASS,True,FAILED,False,True,False,No frozen allowlist rule triggered.,,False,,False,False,True,False,False,equivalent_extraction
qwen3_5_4b__ce111_q10_ordered_quadratic_roots_radical__ab2d__seed_2026072001,ce111_q10_ordered_quadratic_roots_radical,ab2d,2026072001,af4e7178a926631e50db407f7099837aefca3224a4e48bfb96f9c2e43f56eae8,5866,b029fb972f9ea2daca2ae5915716a6b26c69c60d20fbd3617e82344866bd00b5,af4e7178a926631e50db407f7099837aefca3224a4e48bfb96f9c2e43f56eae8,af4e7178a926631e50db407f7099837aefca3224a4e48bfb96f9c2e43f56eae8,True,af4e7178a926631e50db407f7099837aefca3224a4e48bfb96f9c2e43f56eae8,af4e7178a926631e50db407f7099837aefca3224a4e48bfb96f9c2e43f56eae8,af4e7178a926631e50db407f7099837aefca3224a4e48bfb96f9c2e43f56eae8,plain_text,extracted,5866,syntax_error,FAILED,FAIL,True,FAILED,False,True,False,No frozen allowlist rule triggered.,,False,,False,False,True,False,False,normalization_only
qwen3_5_4b__ce111_q10_ordered_quadratic_roots_radical__ab2d__seed_2026072002,ce111_q10_ordered_quadratic_roots_radical,ab2d,2026072002,665533e4db5c60f17d8aa0f5d4ac848b648647b225a148f0c8be312201d2afc4,7418,389bc7c87c9b00bbcee668682060a2b7080658fe8928e3345f929a59dfe21d8b,665533e4db5c60f17d8aa0f5d4ac848b648647b225a148f0c8be312201d2afc4,665533e4db5c60f17d8aa0f5d4ac848b648647b225a148f0c8be312201d2afc4,True,665533e4db5c60f17d8aa0f5d4ac848b648647b225a148f0c8be312201d2afc4,665533e4db5c60f17d8aa0f5d4ac848b648647b225a148f0c8be312201d2afc4,665533e4db5c60f17d8aa0f5d4ac848b648647b225a148f0c8be312201d2afc4,plain_text,extracted,7418,parses_ok,FAILED,PASS,True,FAILED,False,True,False,No frozen allowlist rule triggered.,,False,,False,False,True,False,False,equivalent_extraction
qwen3_5_4b__ce111_q10_ordered_quadratic_roots_radical__ab2d__seed_2026072003,ce111_q10_ordered_quadratic_roots_radical,ab2d,2026072003,b5130677bc21e3b42f491e76fcd855af59d53ea6f329318204675936de2272e2,4398,f4b8490f6835f0c45e2c1206d558cc80ec9b8ba39ab8a044fcac6378efbcf09a,389db4ec37f106c77b466815a0deb957d2b7c55307f74cf62c96a4087ba46f5a,b5130677bc21e3b42f491e76fcd855af59d53ea6f329318204675936de2272e2,True,389db4ec37f106c77b466815a0deb957d2b7c55307f74cf62c96a4087ba46f5a,389db4ec37f106c77b466815a0deb957d2b7c55307f74cf62c96a4087ba46f5a,389db4ec37f106c77b466815a0deb957d2b7c55307f74cf62c96a4087ba46f5a,fenced_python,extracted,4385,parses_ok,FAILED,PASS,True,FAILED,False,True,False,No frozen allowlist rule triggered.,,False,,False,False,True,False,False,equivalent_extraction
qwen3_5_4b__ce111_q10_ordered_quadratic_roots_radical__ab2d__seed_2026072004,ce111_q10_ordered_quadratic_roots_radical,ab2d,2026072004,d36d54fee5b623cfce131ff3fee9ddeacd55690464df689acd9e26ed2a3f5633,2321,ee4bb1056b841c6899c3749016ab16d787dfe55b365a47f85764152f3d8eca67,d36d54fee5b623cfce131ff3fee9ddeacd55690464df689acd9e26ed2a3f5633,d36d54fee5b623cfce131ff3fee9ddeacd55690464df689acd9e26ed2a3f5633,True,d36d54fee5b623cfce131ff3fee9ddeacd55690464df689acd9e26ed2a3f5633,d36d54fee5b623cfce131ff3fee9ddeacd55690464df689acd9e26ed2a3f5633,d36d54fee5b623cfce131ff3fee9ddeacd55690464df689acd9e26ed2a3f5633,plain_text,extracted,2321,parses_ok,FAILED,PASS,True,FAILED,False,True,False,No frozen allowlist rule triggered.,,False,,False,False,True,False,False,equivalent_extraction
qwen3_5_4b__ce111_q10_ordered_quadratic_roots_radical__ab2d_spec_v2__seed_2026071301,ce111_q10_ordered_quadratic_roots_radical,ab2d_spec_v2,2026071301,75ac52133f8efbaf4c2cc7933f70b290a83a777f6ecfe198ceb326b9aa370aec,4595,b6887ecf81be8ba7e3da453d02dd6125b8ee96f4b1efbfad46cc2ffa0274cf02,7983ea245d9afdf428edc132ca9bc8350e44b59a7aa4de013c4df39614725799,75ac52133f8efbaf4c2cc7933f70b290a83a777f6ecfe198ceb326b9aa370aec,True,7983ea245d9afdf428edc132ca9bc8350e44b59a7aa4de013c4df39614725799,7983ea245d9afdf428edc132ca9bc8350e44b59a7aa4de013c4df39614725799,7983ea245d9afdf428edc132ca9bc8350e44b59a7aa4de013c4df39614725799,fenced_python,extracted,4582,syntax_error,FAILED,FAIL,True,FAILED,False,True,False,No frozen allowlist rule triggered.,,False,,False,False,True,False,False,normalization_only
qwen3_5_4b__ce111_q10_ordered_quadratic_roots_radical__ab2d_spec_v2__seed_2026072001,ce111_q10_ordered_quadratic_roots_radical,ab2d_spec_v2,2026072001,024e775195a7e15a42d4ac12999e0ee3a423eaa88ce2c472eccd1f27196aae21,2910,1fe9bcfdc7249fdc0fe2974351d3e4b637c73258b70146dee09e8f6c08511498,024e775195a7e15a42d4ac12999e0ee3a423eaa88ce2c472eccd1f27196aae21,024e775195a7e15a42d4ac12999e0ee3a423eaa88ce2c472eccd1f27196aae21,True,024e775195a7e15a42d4ac12999e0ee3a423eaa88ce2c472eccd1f27196aae21,024e775195a7e15a42d4ac12999e0ee3a423eaa88ce2c472eccd1f27196aae21,024e775195a7e15a42d4ac12999e0ee3a423eaa88ce2c472eccd1f27196aae21,plain_text,extracted,2910,parses_ok,FAILED,PASS,True,FAILED,False,True,False,No frozen allowlist rule triggered.,,False,,False,False,True,False,False,equivalent_extraction
qwen3_5_4b__ce111_q10_ordered_quadratic_roots_radical__ab2d_spec_v2__seed_2026072002,ce111_q10_ordered_quadratic_roots_radical,ab2d_spec_v2,2026072002,6cfd4e883e61b1c33e07918e52012fc727605692f988dbb35e18d982c3655128,3883,cd4e1288e6c7033eef139981f359c6f8f575a676fff1cef6ae5933644ae3a802,a22bd65cd257a93967af7383237b6b442a5a4594e7acbf168ad098554edf4057,6cfd4e883e61b1c33e07918e52012fc727605692f988dbb35e18d982c3655128,True,a22bd65cd257a93967af7383237b6b442a5a4594e7acbf168ad098554edf4057,a22bd65cd257a93967af7383237b6b442a5a4594e7acbf168ad098554edf4057,a22bd65cd257a93967af7383237b6b442a5a4594e7acbf168ad098554edf4057,fenced_python,extracted,3870,parses_ok,FAILED,PASS,True,FAILED,False,True,False,No frozen allowlist rule triggered.,,False,,False,False,True,False,False,equivalent_extraction
qwen3_5_4b__ce111_q10_ordered_quadratic_roots_radical__ab2d_spec_v2__seed_2026072003,ce111_q10_ordered_quadratic_roots_radical,ab2d_spec_v2,2026072003,246f83fb33ff3a3113d5eb356d7c48b6e48187ba31c1156b7dfdfc923c69f718,3159,ebf0c494c1195ebd5c9fb78f72164b862ed934f7ae99171afe400b50920a8777,246f83fb33ff3a3113d5eb356d7c48b6e48187ba31c1156b7dfdfc923c69f718,246f83fb33ff3a3113d5eb356d7c48b6e48187ba31c1156b7dfdfc923c69f718,True,246f83fb33ff3a3113d5eb356d7c48b6e48187ba31c1156b7dfdfc923c69f718,246f83fb33ff3a3113d5eb356d7c48b6e48187ba31c1156b7dfdfc923c69f718,246f83fb33ff3a3113d5eb356d7c48b6e48187ba31c1156b7dfdfc923c69f718,plain_text,extracted,3159,parses_ok,FAILED,PASS,True,FAILED,False,True,False,No frozen allowlist rule triggered.,,False,,False,False,True,False,False,equivalent_extraction
qwen3_5_4b__ce111_q10_ordered_quadratic_roots_radical__ab2d_spec_v2__seed_2026072004,ce111_q10_ordered_quadratic_roots_radical,ab2d_spec_v2,2026072004,7272d4cb7f387efd61b55ca7114154f6a42b3ff8640dd1adc5271609556f7e7f,1654,261abac057b2982bb8e3c75c7cbc25a52cea8f42f397adfaf58e57b80da83cfe,69f2c31b4a2b20a53aece3b4f35947fd74fef8993bde857f34e54b003827fad3,7272d4cb7f387efd61b55ca7114154f6a42b3ff8640dd1adc5271609556f7e7f,True,69f2c31b4a2b20a53aece3b4f35947fd74fef8993bde857f34e54b003827fad3,69f2c31b4a2b20a53aece3b4f35947fd74fef8993bde857f34e54b003827fad3,69f2c31b4a2b20a53aece3b4f35947fd74fef8993bde857f34e54b003827fad3,fenced_python,extracted,1641,parses_ok,PASSED,PASS,False,PASSED,False,False,,,,False,,False,False,True,False,False,equivalent_extraction
qwen3_5_4b__ce111_q10_ordered_quadratic_roots_radical__ab2g__seed_2026071301,ce111_q10_ordered_quadratic_roots_radical,ab2g,2026071301,7686599006bee9f7ca9de2157691d3b69443406fc8a2c339cf900ae66de90633,3878,dcf4719eca6080654de466787096bff2355c5c7a5f0c63342da24a2e007a39a0,7686599006bee9f7ca9de2157691d3b69443406fc8a2c339cf900ae66de90633,7686599006bee9f7ca9de2157691d3b69443406fc8a2c339cf900ae66de90633,True,7686599006bee9f7ca9de2157691d3b69443406fc8a2c339cf900ae66de90633,7686599006bee9f7ca9de2157691d3b69443406fc8a2c339cf900ae66de90633,7686599006bee9f7ca9de2157691d3b69443406fc8a2c339cf900ae66de90633,plain_text,extracted,3878,syntax_error,FAILED,FAIL,True,FAILED,False,True,False,No frozen allowlist rule triggered.,,False,,False,False,True,False,False,normalization_only
qwen3_5_4b__ce111_q10_ordered_quadratic_roots_radical__ab2g__seed_2026072001,ce111_q10_ordered_quadratic_roots_radical,ab2g,2026072001,300db612e31ca19ce307889c1b70e6168c7b078e0537b2a9c05240ab7d7d728d,3080,0d1070a9b47e4561edc08d06dadb0d96b188760ba102db618e6432a2420b72ab,300db612e31ca19ce307889c1b70e6168c7b078e0537b2a9c05240ab7d7d728d,300db612e31ca19ce307889c1b70e6168c7b078e0537b2a9c05240ab7d7d728d,True,300db612e31ca19ce307889c1b70e6168c7b078e0537b2a9c05240ab7d7d728d,300db612e31ca19ce307889c1b70e6168c7b078e0537b2a9c05240ab7d7d728d,300db612e31ca19ce307889c1b70e6168c7b078e0537b2a9c05240ab7d7d728d,plain_text,extracted,3080,parses_ok,FAILED,PASS,True,FAILED,False,True,False,No frozen allowlist rule triggered.,,False,,False,False,True,False,False,equivalent_extraction
qwen3_5_4b__ce111_q10_ordered_quadratic_roots_radical__ab2g__seed_2026072002,ce111_q10_ordered_quadratic_roots_radical,ab2g,2026072002,6026007fc62cf91f7e1c2cb7cfc02b573ab0b31a7e72121544186ebb024848f2,7064,a477f644c6ce29492d67b6ed830f9eabb171005bb40517348a5f4eed34bb5eea,6026007fc62cf91f7e1c2cb7cfc02b573ab0b31a7e72121544186ebb024848f2,6026007fc62cf91f7e1c2cb7cfc02b573ab0b31a7e72121544186ebb024848f2,True,6026007fc62cf91f7e1c2cb7cfc02b573ab0b31a7e72121544186ebb024848f2,6026007fc62cf91f7e1c2cb7cfc02b573ab0b31a7e72121544186ebb024848f2,6026007fc62cf91f7e1c2cb7cfc02b573ab0b31a7e72121544186ebb024848f2,plain_text,extracted,7064,syntax_error,FAILED,FAIL,True,FAILED,False,True,False,No frozen allowlist rule triggered.,,False,,False,False,True,False,False,normalization_only
qwen3_5_4b__ce111_q10_ordered_quadratic_roots_radical__ab2g__seed_2026072003,ce111_q10_ordered_quadratic_roots_radical,ab2g,2026072003,044b74a8f15ae0349f38546d53964181155db94de7e5b0c6b71899c4c1d1b592,5741,17c29e4841ab8f1cc7fffaf4e08d611e1b3d52ede635d0aab0c6f6b40a17df37,044b74a8f15ae0349f38546d53964181155db94de7e5b0c6b71899c4c1d1b592,044b74a8f15ae0349f38546d53964181155db94de7e5b0c6b71899c4c1d1b592,True,044b74a8f15ae0349f38546d53964181155db94de7e5b0c6b71899c4c1d1b592,044b74a8f15ae0349f38546d53964181155db94de7e5b0c6b71899c4c1d1b592,044b74a8f15ae0349f38546d53964181155db94de7e5b0c6b71899c4c1d1b592,plain_text,extracted,5741,syntax_error,FAILED,FAIL,True,FAILED,False,True,False,No frozen allowlist rule triggered.,,False,,False,False,True,False,False,normalization_only
qwen3_5_4b__ce111_q10_ordered_quadratic_roots_radical__ab2g__seed_2026072004,ce111_q10_ordered_quadratic_roots_radical,ab2g,2026072004,b17af35cc1fa9c023b40544c1183ec5991aa58b03b4667836aac77e3fe8a3794,4606,965d99c6dcd95bebfe5b8f6f9e61235ece4918778fa2a176727ec4b1723b5831,b17af35cc1fa9c023b40544c1183ec5991aa58b03b4667836aac77e3fe8a3794,b17af35cc1fa9c023b40544c1183ec5991aa58b03b4667836aac77e3fe8a3794,True,b17af35cc1fa9c023b40544c1183ec5991aa58b03b4667836aac77e3fe8a3794,b17af35cc1fa9c023b40544c1183ec5991aa58b03b4667836aac77e3fe8a3794,b17af35cc1fa9c023b40544c1183ec5991aa58b03b4667836aac77e3fe8a3794,plain_text,extracted,4606,parses_ok,FAILED,PASS,True,FAILED,False,True,False,No frozen allowlist rule triggered.,,False,,False,False,True,False,False,equivalent_extraction
qwen3_5_4b__ce112_q01_negative_integer_power__ab1__seed_2026071301,ce112_q01_negative_integer_power,ab1,2026071301,372ffd2ccdda9b4d3fe6c4b5f66f4d6263f63f1171022574409aa83585ecc2c7,185,723a77c63eacbcce970c46e5b3112429483404a7c8f8985e780d597c22514c99,372ffd2ccdda9b4d3fe6c4b5f66f4d6263f63f1171022574409aa83585ecc2c7,372ffd2ccdda9b4d3fe6c4b5f66f4d6263f63f1171022574409aa83585ecc2c7,True,372ffd2ccdda9b4d3fe6c4b5f66f4d6263f63f1171022574409aa83585ecc2c7,372ffd2ccdda9b4d3fe6c4b5f66f4d6263f63f1171022574409aa83585ecc2c7,372ffd2ccdda9b4d3fe6c4b5f66f4d6263f63f1171022574409aa83585ecc2c7,plain_text,extracted,185,parses_ok,PASSED,PASS,False,PASSED,False,False,,,,False,,False,False,True,False,False,equivalent_extraction
qwen3_5_4b__ce112_q01_negative_integer_power__ab1__seed_2026072001,ce112_q01_negative_integer_power,ab1,2026072001,372ffd2ccdda9b4d3fe6c4b5f66f4d6263f63f1171022574409aa83585ecc2c7,185,4245988004cd0173e6be30e5f8a577622f658b30d1e7c80a0a832f33ab271d0d,372ffd2ccdda9b4d3fe6c4b5f66f4d6263f63f1171022574409aa83585ecc2c7,372ffd2ccdda9b4d3fe6c4b5f66f4d6263f63f1171022574409aa83585ecc2c7,True,372ffd2ccdda9b4d3fe6c4b5f66f4d6263f63f1171022574409aa83585ecc2c7,372ffd2ccdda9b4d3fe6c4b5f66f4d6263f63f1171022574409aa83585ecc2c7,372ffd2ccdda9b4d3fe6c4b5f66f4d6263f63f1171022574409aa83585ecc2c7,plain_text,extracted,185,parses_ok,PASSED,PASS,False,PASSED,False,False,,,,False,,False,False,True,False,False,equivalent_extraction
qwen3_5_4b__ce112_q01_negative_integer_power__ab1__seed_2026072002,ce112_q01_negative_integer_power,ab1,2026072002,372ffd2ccdda9b4d3fe6c4b5f66f4d6263f63f1171022574409aa83585ecc2c7,185,3e7c34544b6538508e985a76cb7eb9a20885490c4a5645f9003254d3b959c836,372ffd2ccdda9b4d3fe6c4b5f66f4d6263f63f1171022574409aa83585ecc2c7,372ffd2ccdda9b4d3fe6c4b5f66f4d6263f63f1171022574409aa83585ecc2c7,True,372ffd2ccdda9b4d3fe6c4b5f66f4d6263f63f1171022574409aa83585ecc2c7,372ffd2ccdda9b4d3fe6c4b5f66f4d6263f63f1171022574409aa83585ecc2c7,372ffd2ccdda9b4d3fe6c4b5f66f4d6263f63f1171022574409aa83585ecc2c7,plain_text,extracted,185,parses_ok,PASSED,PASS,False,PASSED,False,False,,,,False,,False,False,True,False,False,equivalent_extraction
qwen3_5_4b__ce112_q01_negative_integer_power__ab1__seed_2026072003,ce112_q01_negative_integer_power,ab1,2026072003,caeab3f1e697777ae391d65d2fd797154eefbf677e222a71de46a3c34abdc57c,296,8ba0b4218f0de5abb5bd6d3bc325562425f386d2490ae12b24b063d31f4e9022,caeab3f1e697777ae391d65d2fd797154eefbf677e222a71de46a3c34abdc57c,caeab3f1e697777ae391d65d2fd797154eefbf677e222a71de46a3c34abdc57c,True,caeab3f1e697777ae391d65d2fd797154eefbf677e222a71de46a3c34abdc57c,caeab3f1e697777ae391d65d2fd797154eefbf677e222a71de46a3c34abdc57c,caeab3f1e697777ae391d65d2fd797154eefbf677e222a71de46a3c34abdc57c,plain_text,extracted,296,parses_ok,PASSED,PASS,False,PASSED,False,False,,,,False,,False,False,True,False,False,equivalent_extraction
qwen3_5_4b__ce112_q01_negative_integer_power__ab1__seed_2026072004,ce112_q01_negative_integer_power,ab1,2026072004,372ffd2ccdda9b4d3fe6c4b5f66f4d6263f63f1171022574409aa83585ecc2c7,185,23ca5f24db2632573589f44e1e87535ff1ed86fb8be104f91223632116d8f0c9,372ffd2ccdda9b4d3fe6c4b5f66f4d6263f63f1171022574409aa83585ecc2c7,372ffd2ccdda9b4d3fe6c4b5f66f4d6263f63f1171022574409aa83585ecc2c7,True,372ffd2ccdda9b4d3fe6c4b5f66f4d6263f63f1171022574409aa83585ecc2c7,372ffd2ccdda9b4d3fe6c4b5f66f4d6263f63f1171022574409aa83585ecc2c7,372ffd2ccdda9b4d3fe6c4b5f66f4d6263f63f1171022574409aa83585ecc2c7,plain_text,extracted,185,parses_ok,PASSED,PASS,False,PASSED,False,False,,,,False,,False,False,True,False,False,equivalent_extraction
qwen3_5_4b__ce112_q01_negative_integer_power__ab2d__seed_2026071301,ce112_q01_negative_integer_power,ab2d,2026071301,ca538897602f13a045a6a973ac6f504aa0106c18902c79c146be4efdc6b5906d,721,c886e0e536fc960bf656c8126e183d8788b855ea29899154ce001c9a0e2dd8a5,ca538897602f13a045a6a973ac6f504aa0106c18902c79c146be4efdc6b5906d,ca538897602f13a045a6a973ac6f504aa0106c18902c79c146be4efdc6b5906d,True,ca538897602f13a045a6a973ac6f504aa0106c18902c79c146be4efdc6b5906d,ca538897602f13a045a6a973ac6f504aa0106c18902c79c146be4efdc6b5906d,ca538897602f13a045a6a973ac6f504aa0106c18902c79c146be4efdc6b5906d,plain_text,extracted,721,syntax_error,FAILED,PASS,True,FAILED,False,True,False,No frozen allowlist rule triggered.,,False,,False,False,True,False,False,extraction_abstain_difference
qwen3_5_4b__ce112_q01_negative_integer_power__ab2d__seed_2026072001,ce112_q01_negative_integer_power,ab2d,2026072001,61ab04dd35265c4c91532c6421aa4039f042c52a9eb0f346a5f4b521a7678399,614,d9ced616c1556ca42453979c6652afc2841c2f265a46ca603431fac8329b12cd,61ab04dd35265c4c91532c6421aa4039f042c52a9eb0f346a5f4b521a7678399,61ab04dd35265c4c91532c6421aa4039f042c52a9eb0f346a5f4b521a7678399,True,61ab04dd35265c4c91532c6421aa4039f042c52a9eb0f346a5f4b521a7678399,61ab04dd35265c4c91532c6421aa4039f042c52a9eb0f346a5f4b521a7678399,61ab04dd35265c4c91532c6421aa4039f042c52a9eb0f346a5f4b521a7678399,plain_text,extracted,614,syntax_error,FAILED,PASS,True,FAILED,False,True,False,No frozen allowlist rule triggered.,,False,,False,False,True,False,False,extraction_abstain_difference
qwen3_5_4b__ce112_q01_negative_integer_power__ab2d__seed_2026072002,ce112_q01_negative_integer_power,ab2d,2026072002,ab018d17edd602285a7842521e7e37959b23d9ea33c5bd1955a51cac947f0e4e,661,9658d75f4073a66734c388a5c44d5d236f695d9cae3497f3f17d459d8495d935,ab018d17edd602285a7842521e7e37959b23d9ea33c5bd1955a51cac947f0e4e,ab018d17edd602285a7842521e7e37959b23d9ea33c5bd1955a51cac947f0e4e,True,ab018d17edd602285a7842521e7e37959b23d9ea33c5bd1955a51cac947f0e4e,ab018d17edd602285a7842521e7e37959b23d9ea33c5bd1955a51cac947f0e4e,ab018d17edd602285a7842521e7e37959b23d9ea33c5bd1955a51cac947f0e4e,plain_text,extracted,661,syntax_error,FAILED,PASS,True,FAILED,False,True,False,No frozen allowlist rule triggered.,,False,,False,False,True,False,False,extraction_abstain_difference
qwen3_5_4b__ce112_q01_negative_integer_power__ab2d__seed_2026072003,ce112_q01_negative_integer_power,ab2d,2026072003,9469afd6bb2722992f4e9533c30b13ed3d51c9eaedb958f1d92c05be4c3488f6,740,20881a52e88971478df52d4c0533642090c640c389816b4d4981bce7ac5f841f,2380c3ff5a729e1dd6aba84721fabdefc0d02f4453521c299b6e1ce05d4ce55b,9469afd6bb2722992f4e9533c30b13ed3d51c9eaedb958f1d92c05be4c3488f6,True,2380c3ff5a729e1dd6aba84721fabdefc0d02f4453521c299b6e1ce05d4ce55b,2380c3ff5a729e1dd6aba84721fabdefc0d02f4453521c299b6e1ce05d4ce55b,2380c3ff5a729e1dd6aba84721fabdefc0d02f4453521c299b6e1ce05d4ce55b,fenced_python,extracted,727,syntax_error,FAILED,PASS,True,FAILED,False,True,False,No frozen allowlist rule triggered.,,False,,False,False,True,False,False,extraction_abstain_difference
qwen3_5_4b__ce112_q01_negative_integer_power__ab2d__seed_2026072004,ce112_q01_negative_integer_power,ab2d,2026072004,228e5119b0816f7204f6479ff209f6d54837fb6ce3c92905d88ef2437e8c1c76,872,3f6ca821e2cb48f56307a9c214028dd8c4480507c62f5bf979e011a9dba1817a,228e5119b0816f7204f6479ff209f6d54837fb6ce3c92905d88ef2437e8c1c76,228e5119b0816f7204f6479ff209f6d54837fb6ce3c92905d88ef2437e8c1c76,True,228e5119b0816f7204f6479ff209f6d54837fb6ce3c92905d88ef2437e8c1c76,228e5119b0816f7204f6479ff209f6d54837fb6ce3c92905d88ef2437e8c1c76,228e5119b0816f7204f6479ff209f6d54837fb6ce3c92905d88ef2437e8c1c76,plain_text,extracted,872,syntax_error,FAILED,PASS,True,FAILED,False,True,False,No frozen allowlist rule triggered.,,False,,False,False,True,False,False,extraction_abstain_difference
qwen3_5_4b__ce112_q01_negative_integer_power__ab2d_spec_v2__seed_2026071301,ce112_q01_negative_integer_power,ab2d_spec_v2,2026071301,c59e98f0c6537ebead34ae1cd5524e94ead5400a4e9f7c0d57708e2ba1244211,325,6fdc9245b7797f40c910c0f8a353cd0fbc0730bdd19c5ccb1f2e1f76f8065c1e,c59e98f0c6537ebead34ae1cd5524e94ead5400a4e9f7c0d57708e2ba1244211,c59e98f0c6537ebead34ae1cd5524e94ead5400a4e9f7c0d57708e2ba1244211,True,c59e98f0c6537ebead34ae1cd5524e94ead5400a4e9f7c0d57708e2ba1244211,c59e98f0c6537ebead34ae1cd5524e94ead5400a4e9f7c0d57708e2ba1244211,c59e98f0c6537ebead34ae1cd5524e94ead5400a4e9f7c0d57708e2ba1244211,plain_text,extracted,325,parses_ok,PASSED,PASS,False,PASSED,False,False,,,,False,,False,False,True,False,False,equivalent_extraction
qwen3_5_4b__ce112_q01_negative_integer_power__ab2d_spec_v2__seed_2026072001,ce112_q01_negative_integer_power,ab2d_spec_v2,2026072001,ccbef8b1639de9eb7225e235d5208cd2045db3a9902ee6d0d4b51dca41760893,372,0ae3c994139a531975cd0779e0cb44cb81da56f565122bcdac0455c94de1ec0e,ccbef8b1639de9eb7225e235d5208cd2045db3a9902ee6d0d4b51dca41760893,ccbef8b1639de9eb7225e235d5208cd2045db3a9902ee6d0d4b51dca41760893,True,ccbef8b1639de9eb7225e235d5208cd2045db3a9902ee6d0d4b51dca41760893,ccbef8b1639de9eb7225e235d5208cd2045db3a9902ee6d0d4b51dca41760893,ccbef8b1639de9eb7225e235d5208cd2045db3a9902ee6d0d4b51dca41760893,plain_text,extracted,372,parses_ok,PASSED,PASS,False,PASSED,False,False,,,,False,,False,False,True,False,False,equivalent_extraction
qwen3_5_4b__ce112_q01_negative_integer_power__ab2d_spec_v2__seed_2026072002,ce112_q01_negative_integer_power,ab2d_spec_v2,2026072002,a576581b8b9c76d64b73b4cb03f62e4a01ab7647e87a5bee1edd476000ceb528,320,4e685e9a8768adebd8b91a4025d91bc6e51ecaea33d3e72c8677c01c8a6b6e31,a576581b8b9c76d64b73b4cb03f62e4a01ab7647e87a5bee1edd476000ceb528,a576581b8b9c76d64b73b4cb03f62e4a01ab7647e87a5bee1edd476000ceb528,True,a576581b8b9c76d64b73b4cb03f62e4a01ab7647e87a5bee1edd476000ceb528,a576581b8b9c76d64b73b4cb03f62e4a01ab7647e87a5bee1edd476000ceb528,a576581b8b9c76d64b73b4cb03f62e4a01ab7647e87a5bee1edd476000ceb528,plain_text,extracted,320,parses_ok,PASSED,PASS,False,PASSED,False,False,,,,False,,False,False,True,False,False,equivalent_extraction
qwen3_5_4b__ce112_q01_negative_integer_power__ab2d_spec_v2__seed_2026072003,ce112_q01_negative_integer_power,ab2d_spec_v2,2026072003,b17809167c828c42939181c1d31c279062a290eea81e0db63890312f848a87b3,349,8b013d2573a708479efb45443ecc1bf56658063885de87943662788ea6c394ca,b17809167c828c42939181c1d31c279062a290eea81e0db63890312f848a87b3,b17809167c828c42939181c1d31c279062a290eea81e0db63890312f848a87b3,True,b17809167c828c42939181c1d31c279062a290eea81e0db63890312f848a87b3,b17809167c828c42939181c1d31c279062a290eea81e0db63890312f848a87b3,b17809167c828c42939181c1d31c279062a290eea81e0db63890312f848a87b3,plain_text,extracted,349,parses_ok,PASSED,PASS,False,PASSED,False,False,,,,False,,False,False,True,False,False,equivalent_extraction
qwen3_5_4b__ce112_q01_negative_integer_power__ab2d_spec_v2__seed_2026072004,ce112_q01_negative_integer_power,ab2d_spec_v2,2026072004,b6d38c025b0a7f7645b00e8d6ec7ae209aa1425a2a4ae8095ec4ff85df90f3c3,323,2dc2f709ba4135f0fb30b16f0e546020d93b8fe7028387c41dfcc040aa95a579,b6d38c025b0a7f7645b00e8d6ec7ae209aa1425a2a4ae8095ec4ff85df90f3c3,b6d38c025b0a7f7645b00e8d6ec7ae209aa1425a2a4ae8095ec4ff85df90f3c3,True,b6d38c025b0a7f7645b00e8d6ec7ae209aa1425a2a4ae8095ec4ff85df90f3c3,b6d38c025b0a7f7645b00e8d6ec7ae209aa1425a2a4ae8095ec4ff85df90f3c3,b6d38c025b0a7f7645b00e8d6ec7ae209aa1425a2a4ae8095ec4ff85df90f3c3,plain_text,extracted,323,parses_ok,PASSED,PASS,False,PASSED,False,False,,,,False,,False,False,True,False,False,equivalent_extraction
qwen3_5_4b__ce112_q01_negative_integer_power__ab2g__seed_2026071301,ce112_q01_negative_integer_power,ab2g,2026071301,caeab3f1e697777ae391d65d2fd797154eefbf677e222a71de46a3c34abdc57c,296,62529843eb1761ce2f38581b3ba8ec945c7e5ca3a007f9e4ba2279fb5f969424,caeab3f1e697777ae391d65d2fd797154eefbf677e222a71de46a3c34abdc57c,caeab3f1e697777ae391d65d2fd797154eefbf677e222a71de46a3c34abdc57c,True,caeab3f1e697777ae391d65d2fd797154eefbf677e222a71de46a3c34abdc57c,caeab3f1e697777ae391d65d2fd797154eefbf677e222a71de46a3c34abdc57c,caeab3f1e697777ae391d65d2fd797154eefbf677e222a71de46a3c34abdc57c,plain_text,extracted,296,parses_ok,PASSED,PASS,False,PASSED,False,False,,,,False,,False,False,True,False,False,equivalent_extraction
qwen3_5_4b__ce112_q01_negative_integer_power__ab2g__seed_2026072001,ce112_q01_negative_integer_power,ab2g,2026072001,a95bb52e2db218170874126d818ecfbc3339021cacbf23f3222ea952c0a54250,298,5db3e3a644b1f6fbe0fcd16e6574cec0c9614efeb5d3148d3eedc1a5b5bd31d0,a95bb52e2db218170874126d818ecfbc3339021cacbf23f3222ea952c0a54250,a95bb52e2db218170874126d818ecfbc3339021cacbf23f3222ea952c0a54250,True,a95bb52e2db218170874126d818ecfbc3339021cacbf23f3222ea952c0a54250,a95bb52e2db218170874126d818ecfbc3339021cacbf23f3222ea952c0a54250,a95bb52e2db218170874126d818ecfbc3339021cacbf23f3222ea952c0a54250,plain_text,extracted,298,parses_ok,PASSED,PASS,False,PASSED,False,False,,,,False,,False,False,True,False,False,equivalent_extraction
qwen3_5_4b__ce112_q01_negative_integer_power__ab2g__seed_2026072002,ce112_q01_negative_integer_power,ab2g,2026072002,caeab3f1e697777ae391d65d2fd797154eefbf677e222a71de46a3c34abdc57c,296,c1ce0c1083c73715a55098e3e6d3e0f2262775c1c598a51b068b3d049175a82f,caeab3f1e697777ae391d65d2fd797154eefbf677e222a71de46a3c34abdc57c,caeab3f1e697777ae391d65d2fd797154eefbf677e222a71de46a3c34abdc57c,True,caeab3f1e697777ae391d65d2fd797154eefbf677e222a71de46a3c34abdc57c,caeab3f1e697777ae391d65d2fd797154eefbf677e222a71de46a3c34abdc57c,caeab3f1e697777ae391d65d2fd797154eefbf677e222a71de46a3c34abdc57c,plain_text,extracted,296,parses_ok,PASSED,PASS,False,PASSED,False,False,,,,False,,False,False,True,False,False,equivalent_extraction
qwen3_5_4b__ce112_q01_negative_integer_power__ab2g__seed_2026072003,ce112_q01_negative_integer_power,ab2g,2026072003,339374b4bf39c78a8aa2eb13b37833511098397ef76e86551bc8f5dbc8a0d219,350,070bbb8827d864baafb54b7139351b1c8ce40603f478b0d2a0b70f35d027e234,339374b4bf39c78a8aa2eb13b37833511098397ef76e86551bc8f5dbc8a0d219,339374b4bf39c78a8aa2eb13b37833511098397ef76e86551bc8f5dbc8a0d219,True,339374b4bf39c78a8aa2eb13b37833511098397ef76e86551bc8f5dbc8a0d219,339374b4bf39c78a8aa2eb13b37833511098397ef76e86551bc8f5dbc8a0d219,339374b4bf39c78a8aa2eb13b37833511098397ef76e86551bc8f5dbc8a0d219,plain_text,extracted,350,parses_ok,PASSED,PASS,False,PASSED,False,False,,,,False,,False,False,True,False,False,equivalent_extraction
qwen3_5_4b__ce112_q01_negative_integer_power__ab2g__seed_2026072004,ce112_q01_negative_integer_power,ab2g,2026072004,caeab3f1e697777ae391d65d2fd797154eefbf677e222a71de46a3c34abdc57c,296,effdf535a044382e7064889c934f270c13c956244eb06ec845da10609d47bbe1,caeab3f1e697777ae391d65d2fd797154eefbf677e222a71de46a3c34abdc57c,caeab3f1e697777ae391d65d2fd797154eefbf677e222a71de46a3c34abdc57c,True,caeab3f1e697777ae391d65d2fd797154eefbf677e222a71de46a3c34abdc57c,caeab3f1e697777ae391d65d2fd797154eefbf677e222a71de46a3c34abdc57c,caeab3f1e697777ae391d65d2fd797154eefbf677e222a71de46a3c34abdc57c,plain_text,extracted,296,parses_ok,PASSED,PASS,False,PASSED,False,False,,,,False,,False,False,True,False,False,equivalent_extraction
qwen3_5_4b__ce112_q04_radical_simplification__ab1__seed_2026071301,ce112_q04_radical_simplification,ab1,2026071301,46187f00ed6817e9d10beb5c4bd03e9e0e78e50d27a935c10350814de6f4f491,461,b99e4f70608af7a7724e259bd55c3bb08159f0d9553834dada13855e684b7b90,46187f00ed6817e9d10beb5c4bd03e9e0e78e50d27a935c10350814de6f4f491,46187f00ed6817e9d10beb5c4bd03e9e0e78e50d27a935c10350814de6f4f491,True,46187f00ed6817e9d10beb5c4bd03e9e0e78e50d27a935c10350814de6f4f491,46187f00ed6817e9d10beb5c4bd03e9e0e78e50d27a935c10350814de6f4f491,46187f00ed6817e9d10beb5c4bd03e9e0e78e50d27a935c10350814de6f4f491,plain_text,extracted,461,parses_ok,FAILED,PASS,True,FAILED,False,True,False,No frozen allowlist rule triggered.,,False,,False,False,True,False,False,equivalent_extraction
qwen3_5_4b__ce112_q04_radical_simplification__ab1__seed_2026072001,ce112_q04_radical_simplification,ab1,2026072001,f04fae3d362c916adf2d50d011965f9097ba8269aed34ffd9a1770f2f746cb60,273,dcd4c4ef10d0372a020002512c89d472a7f80f4737c113896c02f66aef7ca0a2,f04fae3d362c916adf2d50d011965f9097ba8269aed34ffd9a1770f2f746cb60,f04fae3d362c916adf2d50d011965f9097ba8269aed34ffd9a1770f2f746cb60,True,f04fae3d362c916adf2d50d011965f9097ba8269aed34ffd9a1770f2f746cb60,f04fae3d362c916adf2d50d011965f9097ba8269aed34ffd9a1770f2f746cb60,f04fae3d362c916adf2d50d011965f9097ba8269aed34ffd9a1770f2f746cb60,plain_text,extracted,273,parses_ok,FAILED,PASS,True,FAILED,False,True,False,No frozen allowlist rule triggered.,,False,,False,False,True,False,False,equivalent_extraction
qwen3_5_4b__ce112_q04_radical_simplification__ab1__seed_2026072002,ce112_q04_radical_simplification,ab1,2026072002,f04fae3d362c916adf2d50d011965f9097ba8269aed34ffd9a1770f2f746cb60,273,3f91ca3fd6e0faa8111de89cb3bfc3614a7855961ecb0a568375c71469873f64,f04fae3d362c916adf2d50d011965f9097ba8269aed34ffd9a1770f2f746cb60,f04fae3d362c916adf2d50d011965f9097ba8269aed34ffd9a1770f2f746cb60,True,f04fae3d362c916adf2d50d011965f9097ba8269aed34ffd9a1770f2f746cb60,f04fae3d362c916adf2d50d011965f9097ba8269aed34ffd9a1770f2f746cb60,f04fae3d362c916adf2d50d011965f9097ba8269aed34ffd9a1770f2f746cb60,plain_text,extracted,273,parses_ok,FAILED,PASS,True,FAILED,False,True,False,No frozen allowlist rule triggered.,,False,,False,False,True,False,False,equivalent_extraction
qwen3_5_4b__ce112_q04_radical_simplification__ab1__seed_2026072003,ce112_q04_radical_simplification,ab1,2026072003,f04fae3d362c916adf2d50d011965f9097ba8269aed34ffd9a1770f2f746cb60,273,1bdaec4af0992a43294421f47c543d44fb73f929f1d9b3370824f5d3cb3a957d,f04fae3d362c916adf2d50d011965f9097ba8269aed34ffd9a1770f2f746cb60,f04fae3d362c916adf2d50d011965f9097ba8269aed34ffd9a1770f2f746cb60,True,f04fae3d362c916adf2d50d011965f9097ba8269aed34ffd9a1770f2f746cb60,f04fae3d362c916adf2d50d011965f9097ba8269aed34ffd9a1770f2f746cb60,f04fae3d362c916adf2d50d011965f9097ba8269aed34ffd9a1770f2f746cb60,plain_text,extracted,273,parses_ok,FAILED,PASS,True,FAILED,False,True,False,No frozen allowlist rule triggered.,,False,,False,False,True,False,False,equivalent_extraction
qwen3_5_4b__ce112_q04_radical_simplification__ab1__seed_2026072004,ce112_q04_radical_simplification,ab1,2026072004,f04fae3d362c916adf2d50d011965f9097ba8269aed34ffd9a1770f2f746cb60,273,978d931db01448991b677d5b526a88b576c6e4f01155678b83b1317ac625587d,f04fae3d362c916adf2d50d011965f9097ba8269aed34ffd9a1770f2f746cb60,f04fae3d362c916adf2d50d011965f9097ba8269aed34ffd9a1770f2f746cb60,True,f04fae3d362c916adf2d50d011965f9097ba8269aed34ffd9a1770f2f746cb60,f04fae3d362c916adf2d50d011965f9097ba8269aed34ffd9a1770f2f746cb60,f04fae3d362c916adf2d50d011965f9097ba8269aed34ffd9a1770f2f746cb60,plain_text,extracted,273,parses_ok,FAILED,PASS,True,FAILED,False,True,False,No frozen allowlist rule triggered.,,False,,False,False,True,False,False,equivalent_extraction
qwen3_5_4b__ce112_q04_radical_simplification__ab2d__seed_2026071301,ce112_q04_radical_simplification,ab2d,2026071301,c0c22edcc52f416e962cf6c307cdeba895d25e6f572112c0b33a6a36c86e95f8,3405,fb099b87df5c8b170c83eee27b7d44dff199c59835d3455d08146379475813df,c0c22edcc52f416e962cf6c307cdeba895d25e6f572112c0b33a6a36c86e95f8,c0c22edcc52f416e962cf6c307cdeba895d25e6f572112c0b33a6a36c86e95f8,True,c0c22edcc52f416e962cf6c307cdeba895d25e6f572112c0b33a6a36c86e95f8,c0c22edcc52f416e962cf6c307cdeba895d25e6f572112c0b33a6a36c86e95f8,c0c22edcc52f416e962cf6c307cdeba895d25e6f572112c0b33a6a36c86e95f8,plain_text,extracted,3405,parses_ok,FAILED,PASS,True,FAILED,False,True,False,No frozen allowlist rule triggered.,,False,,False,False,True,False,False,equivalent_extraction
qwen3_5_4b__ce112_q04_radical_simplification__ab2d__seed_2026072001,ce112_q04_radical_simplification,ab2d,2026072001,f704168165b740883d2d668d3d9906989ab32ec7a4e05af61285b78353ab3fb0,681,0e366b592abbfb42c671eca6d93a120d4ed1ad17816184cdf081277f4285720f,f704168165b740883d2d668d3d9906989ab32ec7a4e05af61285b78353ab3fb0,f704168165b740883d2d668d3d9906989ab32ec7a4e05af61285b78353ab3fb0,True,f704168165b740883d2d668d3d9906989ab32ec7a4e05af61285b78353ab3fb0,f704168165b740883d2d668d3d9906989ab32ec7a4e05af61285b78353ab3fb0,f704168165b740883d2d668d3d9906989ab32ec7a4e05af61285b78353ab3fb0,plain_text,extracted,681,parses_ok,FAILED,PASS,True,FAILED,False,True,False,No frozen allowlist rule triggered.,,False,,False,False,True,False,False,equivalent_extraction
qwen3_5_4b__ce112_q04_radical_simplification__ab2d__seed_2026072002,ce112_q04_radical_simplification,ab2d,2026072002,b9b53d13d27f4800900e3f43c7765f668fdaa3e4233c0bc0fe01d0127defaee7,2784,a93b5f22fbe014a70934febcb3684db0bdcf54ff15777812ca9639c38044bf4a,b9b53d13d27f4800900e3f43c7765f668fdaa3e4233c0bc0fe01d0127defaee7,b9b53d13d27f4800900e3f43c7765f668fdaa3e4233c0bc0fe01d0127defaee7,True,b9b53d13d27f4800900e3f43c7765f668fdaa3e4233c0bc0fe01d0127defaee7,b9b53d13d27f4800900e3f43c7765f668fdaa3e4233c0bc0fe01d0127defaee7,b9b53d13d27f4800900e3f43c7765f668fdaa3e4233c0bc0fe01d0127defaee7,plain_text,extracted,2784,parses_ok,FAILED,PASS,True,FAILED,False,True,False,No frozen allowlist rule triggered.,,False,,False,False,True,False,False,equivalent_extraction
qwen3_5_4b__ce112_q04_radical_simplification__ab2d__seed_2026072003,ce112_q04_radical_simplification,ab2d,2026072003,67844bb65356bdce44c35032033d3d80099b822e843dcd07ef4000bb5d18eed4,7628,b59f11201ccfa247491849c6c03d5e9a183c52051423985dcd65479c5a58f89e,67844bb65356bdce44c35032033d3d80099b822e843dcd07ef4000bb5d18eed4,67844bb65356bdce44c35032033d3d80099b822e843dcd07ef4000bb5d18eed4,True,67844bb65356bdce44c35032033d3d80099b822e843dcd07ef4000bb5d18eed4,67844bb65356bdce44c35032033d3d80099b822e843dcd07ef4000bb5d18eed4,67844bb65356bdce44c35032033d3d80099b822e843dcd07ef4000bb5d18eed4,plain_text,extracted,7628,syntax_error,FAILED,FAIL,True,FAILED,False,True,False,No frozen allowlist rule triggered.,,False,,False,False,True,False,False,normalization_only
qwen3_5_4b__ce112_q04_radical_simplification__ab2d__seed_2026072004,ce112_q04_radical_simplification,ab2d,2026072004,ee7c0155e6ea155acfc79f466364dc9008e87fc00685cac14c7bac11fdd9a596,14747,c207ce73b751e32f519fb3d41550fa0c9dbd1c4af4cd40e5524a342cf16f3aaf,ee7c0155e6ea155acfc79f466364dc9008e87fc00685cac14c7bac11fdd9a596,ee7c0155e6ea155acfc79f466364dc9008e87fc00685cac14c7bac11fdd9a596,True,ee7c0155e6ea155acfc79f466364dc9008e87fc00685cac14c7bac11fdd9a596,ee7c0155e6ea155acfc79f466364dc9008e87fc00685cac14c7bac11fdd9a596,ee7c0155e6ea155acfc79f466364dc9008e87fc00685cac14c7bac11fdd9a596,plain_text,extracted,14747,syntax_error,FAILED,PASS,True,FAILED,False,True,False,No frozen allowlist rule triggered.,,False,,False,False,True,False,False,extraction_abstain_difference
qwen3_5_4b__ce112_q04_radical_simplification__ab2d_spec_v2__seed_2026071301,ce112_q04_radical_simplification,ab2d_spec_v2,2026071301,0caf45f456727ba43e652fd2bd8fb8ff22004c2aa278e6cea67e744d82730605,810,655a3947f3ae40559fbbe1d559ec1a556c8303e81024ae4278d7a2309d822812,52a76358f3ecbed453494050ab4e2ba591a2c435cf4af4e0bd6a4feb8d6488ff,0caf45f456727ba43e652fd2bd8fb8ff22004c2aa278e6cea67e744d82730605,True,52a76358f3ecbed453494050ab4e2ba591a2c435cf4af4e0bd6a4feb8d6488ff,52a76358f3ecbed453494050ab4e2ba591a2c435cf4af4e0bd6a4feb8d6488ff,52a76358f3ecbed453494050ab4e2ba591a2c435cf4af4e0bd6a4feb8d6488ff,fenced_python,extracted,797,parses_ok,FAILED,PASS,True,FAILED,False,True,False,No frozen allowlist rule triggered.,,False,,False,False,True,False,False,equivalent_extraction
qwen3_5_4b__ce112_q04_radical_simplification__ab2d_spec_v2__seed_2026072001,ce112_q04_radical_simplification,ab2d_spec_v2,2026072001,967d47766751491de21e07e3483aaa5d7c931fd65a9147a5012bfec182f84eaa,788,d8d8df99bfc6eb84f5a5e8ff065afe07430b2fa2b4fe69a633523bb147fa2db1,4fce3e02adaf784727612fbbc516a11dcb348928a97930a51435a5c290144044,967d47766751491de21e07e3483aaa5d7c931fd65a9147a5012bfec182f84eaa,True,4fce3e02adaf784727612fbbc516a11dcb348928a97930a51435a5c290144044,4fce3e02adaf784727612fbbc516a11dcb348928a97930a51435a5c290144044,4fce3e02adaf784727612fbbc516a11dcb348928a97930a51435a5c290144044,fenced_python,extracted,775,syntax_error,FAILED,FAIL,True,FAILED,False,True,False,No frozen allowlist rule triggered.,,False,,False,False,True,False,False,normalization_only
qwen3_5_4b__ce112_q04_radical_simplification__ab2d_spec_v2__seed_2026072002,ce112_q04_radical_simplification,ab2d_spec_v2,2026072002,a729f4406894579a81f74891af8296b667f47e026d9f2204b7ef26d8e835222d,879,fdb7045a0a0eeed1e097e71dc41d873d082262bdac1c51a56ba9b0e6bff0d0c0,017b8497363831a4bcf430bb13b0bbf695ce3ac2dc41e491948e8edb81fbb533,a729f4406894579a81f74891af8296b667f47e026d9f2204b7ef26d8e835222d,True,017b8497363831a4bcf430bb13b0bbf695ce3ac2dc41e491948e8edb81fbb533,017b8497363831a4bcf430bb13b0bbf695ce3ac2dc41e491948e8edb81fbb533,017b8497363831a4bcf430bb13b0bbf695ce3ac2dc41e491948e8edb81fbb533,fenced_python,extracted,866,parses_ok,FAILED,PASS,True,FAILED,False,True,False,No frozen allowlist rule triggered.,,False,,False,False,True,False,False,equivalent_extraction
qwen3_5_4b__ce112_q04_radical_simplification__ab2d_spec_v2__seed_2026072003,ce112_q04_radical_simplification,ab2d_spec_v2,2026072003,0a9020832960ab44f3af8891b01f0874f6e6296fa6904865d3dc201cd47749ec,1022,f3cc4ba1212ae0912333d31f7d11b567a557ba231f50d03f898d3cc137d48529,4a62c66008423a425cb2c90960f9800f641c89e6809559d7df6edf34082d19ff,0a9020832960ab44f3af8891b01f0874f6e6296fa6904865d3dc201cd47749ec,True,4a62c66008423a425cb2c90960f9800f641c89e6809559d7df6edf34082d19ff,4a62c66008423a425cb2c90960f9800f641c89e6809559d7df6edf34082d19ff,4a62c66008423a425cb2c90960f9800f641c89e6809559d7df6edf34082d19ff,fenced_python,extracted,1009,parses_ok,FAILED,PASS,True,FAILED,False,True,False,No frozen allowlist rule triggered.,,False,,False,False,True,False,False,equivalent_extraction
qwen3_5_4b__ce112_q04_radical_simplification__ab2d_spec_v2__seed_2026072004,ce112_q04_radical_simplification,ab2d_spec_v2,2026072004,7effe95a465841c322aaeb50387a60b84d903a37f61aa1a07d127922d8cc2904,1193,220527612ba5bba7e74aca0e89d45f4d9b0c754f17a031c708c31572d19b5c9a,b5d296fd33075fc7a58038a7f3e151d231fef2117ef0d297dc3a3814fb6633fe,7effe95a465841c322aaeb50387a60b84d903a37f61aa1a07d127922d8cc2904,True,b5d296fd33075fc7a58038a7f3e151d231fef2117ef0d297dc3a3814fb6633fe,b5d296fd33075fc7a58038a7f3e151d231fef2117ef0d297dc3a3814fb6633fe,b5d296fd33075fc7a58038a7f3e151d231fef2117ef0d297dc3a3814fb6633fe,fenced_python,extracted,1180,parses_ok,FAILED,PASS,True,FAILED,False,True,False,No frozen allowlist rule triggered.,,False,,False,False,True,False,False,equivalent_extraction
qwen3_5_4b__ce112_q04_radical_simplification__ab2g__seed_2026071301,ce112_q04_radical_simplification,ab2g,2026071301,d9b98619b9c6ca0148812816128c3142c486815eb6f6fa15ec6af42850d7511c,4559,c9c76ea25a5ed27b7201e3b3294db406ac20d735314cdcd232f3ec88104bd4a6,d9b98619b9c6ca0148812816128c3142c486815eb6f6fa15ec6af42850d7511c,d9b98619b9c6ca0148812816128c3142c486815eb6f6fa15ec6af42850d7511c,True,d9b98619b9c6ca0148812816128c3142c486815eb6f6fa15ec6af42850d7511c,d9b98619b9c6ca0148812816128c3142c486815eb6f6fa15ec6af42850d7511c,d9b98619b9c6ca0148812816128c3142c486815eb6f6fa15ec6af42850d7511c,plain_text,extracted,4559,syntax_error,FAILED,FAIL,True,FAILED,False,True,False,No frozen allowlist rule triggered.,,False,,False,False,True,False,False,normalization_only
qwen3_5_4b__ce112_q04_radical_simplification__ab2g__seed_2026072001,ce112_q04_radical_simplification,ab2g,2026072001,8aadd102df7fe6c0ad53638415f1f6cc8e8bf6427558cb3c1f38308f9f8f9d0a,1789,5ae725fb767a8fb469fbdc6e22ab58b34c47a3c70303c6de14bb5341c0915082,8aadd102df7fe6c0ad53638415f1f6cc8e8bf6427558cb3c1f38308f9f8f9d0a,8aadd102df7fe6c0ad53638415f1f6cc8e8bf6427558cb3c1f38308f9f8f9d0a,True,8aadd102df7fe6c0ad53638415f1f6cc8e8bf6427558cb3c1f38308f9f8f9d0a,8aadd102df7fe6c0ad53638415f1f6cc8e8bf6427558cb3c1f38308f9f8f9d0a,8aadd102df7fe6c0ad53638415f1f6cc8e8bf6427558cb3c1f38308f9f8f9d0a,plain_text,extracted,1789,parses_ok,FAILED,PASS,True,FAILED,False,True,False,No frozen allowlist rule triggered.,,False,,False,False,True,False,False,equivalent_extraction
qwen3_5_4b__ce112_q04_radical_simplification__ab2g__seed_2026072002,ce112_q04_radical_simplification,ab2g,2026072002,7d9352adbe1f17eaa16ec6641c4e9a1a0e3919b68c5c3d6ab479f78ce51f26f6,942,6b0baab6ea428446518e175566e6ac9b638e68003f0b08a78306aeb1da6c510c,7d9352adbe1f17eaa16ec6641c4e9a1a0e3919b68c5c3d6ab479f78ce51f26f6,7d9352adbe1f17eaa16ec6641c4e9a1a0e3919b68c5c3d6ab479f78ce51f26f6,True,7d9352adbe1f17eaa16ec6641c4e9a1a0e3919b68c5c3d6ab479f78ce51f26f6,7d9352adbe1f17eaa16ec6641c4e9a1a0e3919b68c5c3d6ab479f78ce51f26f6,fb861f2ca0f54d6c49d1a1d29f1389d00eb6f98e7b4f47405c6149eab0505e94,plain_text,extracted,942,parses_ok,FAILED,PASS,True,FAILED,False,True,True,Frozen precondition symptom matched: L2_SINGLE_KEY_ORACLE_PAYLOAD_WRAP,L2_SINGLE_KEY_ORACLE_PAYLOAD_WRAP,True,L2_SINGLE_KEY_ORACLE_PAYLOAD_WRAP,True,True,True,False,False,equivalent_extraction
qwen3_5_4b__ce112_q04_radical_simplification__ab2g__seed_2026072003,ce112_q04_radical_simplification,ab2g,2026072003,8ec6c7b5557b5bcbdfd3de9550627b981220ae6d2691fc32b48e981d78fdb33a,12142,7383430de347709bb6f9307ce64d04e4d263cc538aa90a8061225ef0ad7a2f24,8ec6c7b5557b5bcbdfd3de9550627b981220ae6d2691fc32b48e981d78fdb33a,8ec6c7b5557b5bcbdfd3de9550627b981220ae6d2691fc32b48e981d78fdb33a,True,8ec6c7b5557b5bcbdfd3de9550627b981220ae6d2691fc32b48e981d78fdb33a,8ec6c7b5557b5bcbdfd3de9550627b981220ae6d2691fc32b48e981d78fdb33a,8ec6c7b5557b5bcbdfd3de9550627b981220ae6d2691fc32b48e981d78fdb33a,plain_text,extracted,12142,syntax_error,FAILED,FAIL,True,FAILED,False,True,False,No frozen allowlist rule triggered.,,False,,False,False,True,False,False,normalization_only
qwen3_5_4b__ce112_q04_radical_simplification__ab2g__seed_2026072004,ce112_q04_radical_simplification,ab2g,2026072004,c8e83cecbd57121723a290f1a91c9a32a75ab3ecd2d593b2279f70bffe141ae7,659,84bb394bc50bf3f4c760f5aff729cb5f4af7ace3335228be63ea24f8eb3fc81a,c8e83cecbd57121723a290f1a91c9a32a75ab3ecd2d593b2279f70bffe141ae7,c8e83cecbd57121723a290f1a91c9a32a75ab3ecd2d593b2279f70bffe141ae7,True,c8e83cecbd57121723a290f1a91c9a32a75ab3ecd2d593b2279f70bffe141ae7,c8e83cecbd57121723a290f1a91c9a32a75ab3ecd2d593b2279f70bffe141ae7,2e77e663c63a9660ceb9a6b6fa3cc417dcb6ab43609e090b242cb32fa73eca8c,plain_text,extracted,659,parses_ok,FAILED,PASS,True,FAILED,False,True,True,Frozen precondition symptom matched: L2_SINGLE_KEY_ORACLE_PAYLOAD_WRAP,L2_SINGLE_KEY_ORACLE_PAYLOAD_WRAP,True,L2_SINGLE_KEY_ORACLE_PAYLOAD_WRAP,True,True,True,False,False,equivalent_extraction
qwen3_5_4b__ce112_q09_divisor_multiple_intersection__ab1__seed_2026071301,ce112_q09_divisor_multiple_intersection,ab1,2026071301,377a7bc862b0dd9b083d70fc2687051cc45706e55e6105bbc6328e423bf1c339,519,d617227cfa0c92b9d0084261ebd4ee38705dc093ceef4d7998a50d3416fd7289,377a7bc862b0dd9b083d70fc2687051cc45706e55e6105bbc6328e423bf1c339,377a7bc862b0dd9b083d70fc2687051cc45706e55e6105bbc6328e423bf1c339,True,377a7bc862b0dd9b083d70fc2687051cc45706e55e6105bbc6328e423bf1c339,377a7bc862b0dd9b083d70fc2687051cc45706e55e6105bbc6328e423bf1c339,377a7bc862b0dd9b083d70fc2687051cc45706e55e6105bbc6328e423bf1c339,plain_text,extracted,519,parses_ok,FAILED,PASS,True,FAILED,False,True,False,No frozen allowlist rule triggered.,,False,,False,False,True,False,False,equivalent_extraction
qwen3_5_4b__ce112_q09_divisor_multiple_intersection__ab1__seed_2026072001,ce112_q09_divisor_multiple_intersection,ab1,2026072001,b8666c9f89ace5ac6bf38c2a56e613b12239ed623160e755c1eaf4044bda5bb2,716,9d7e5b42504ebfe13b6f1fb93814e5b4f6afe8845c9a18111bfde24f8f21cd52,b8666c9f89ace5ac6bf38c2a56e613b12239ed623160e755c1eaf4044bda5bb2,b8666c9f89ace5ac6bf38c2a56e613b12239ed623160e755c1eaf4044bda5bb2,True,b8666c9f89ace5ac6bf38c2a56e613b12239ed623160e755c1eaf4044bda5bb2,b8666c9f89ace5ac6bf38c2a56e613b12239ed623160e755c1eaf4044bda5bb2,b8666c9f89ace5ac6bf38c2a56e613b12239ed623160e755c1eaf4044bda5bb2,plain_text,extracted,716,parses_ok,FAILED,PASS,True,FAILED,False,True,False,No frozen allowlist rule triggered.,,False,,False,False,True,False,False,equivalent_extraction
qwen3_5_4b__ce112_q09_divisor_multiple_intersection__ab1__seed_2026072002,ce112_q09_divisor_multiple_intersection,ab1,2026072002,fc24f164fa44660daa8d36d2168dc4473ef91ffc3eaa33427301da8517644249,851,3e5cd2d2079c94ff8e0f1dd09bd8dd7f8f46c6e715e0302eebd4e3b295284e95,fc24f164fa44660daa8d36d2168dc4473ef91ffc3eaa33427301da8517644249,fc24f164fa44660daa8d36d2168dc4473ef91ffc3eaa33427301da8517644249,True,fc24f164fa44660daa8d36d2168dc4473ef91ffc3eaa33427301da8517644249,fc24f164fa44660daa8d36d2168dc4473ef91ffc3eaa33427301da8517644249,fc24f164fa44660daa8d36d2168dc4473ef91ffc3eaa33427301da8517644249,plain_text,extracted,851,parses_ok,FAILED,PASS,True,FAILED,False,True,False,No frozen allowlist rule triggered.,,False,,False,False,True,False,False,equivalent_extraction
qwen3_5_4b__ce112_q09_divisor_multiple_intersection__ab1__seed_2026072003,ce112_q09_divisor_multiple_intersection,ab1,2026072003,afc6561e3b34f4a182bfe644a59218dcdf01f6d1abb16369a45b5cd170dbe7a7,279,fddfee7c47e16fc0bc7379ad0219041c8778d19c9339215ae98960dbc4a58110,afc6561e3b34f4a182bfe644a59218dcdf01f6d1abb16369a45b5cd170dbe7a7,afc6561e3b34f4a182bfe644a59218dcdf01f6d1abb16369a45b5cd170dbe7a7,True,afc6561e3b34f4a182bfe644a59218dcdf01f6d1abb16369a45b5cd170dbe7a7,afc6561e3b34f4a182bfe644a59218dcdf01f6d1abb16369a45b5cd170dbe7a7,afc6561e3b34f4a182bfe644a59218dcdf01f6d1abb16369a45b5cd170dbe7a7,plain_text,extracted,279,parses_ok,FAILED,PASS,True,FAILED,False,True,False,No frozen allowlist rule triggered.,,False,,False,False,True,False,False,equivalent_extraction
qwen3_5_4b__ce112_q09_divisor_multiple_intersection__ab1__seed_2026072004,ce112_q09_divisor_multiple_intersection,ab1,2026072004,e5f6b9dec038f2a66e51833cec9be4a63db117dd244636b82a132557ff6d0c4b,731,5d7bdc1abf37e6d8d2652bcec3ae7be610e5335c1100225630c4dcd76e5ff14b,e5f6b9dec038f2a66e51833cec9be4a63db117dd244636b82a132557ff6d0c4b,e5f6b9dec038f2a66e51833cec9be4a63db117dd244636b82a132557ff6d0c4b,True,e5f6b9dec038f2a66e51833cec9be4a63db117dd244636b82a132557ff6d0c4b,e5f6b9dec038f2a66e51833cec9be4a63db117dd244636b82a132557ff6d0c4b,e5f6b9dec038f2a66e51833cec9be4a63db117dd244636b82a132557ff6d0c4b,plain_text,extracted,731,parses_ok,FAILED,PASS,True,FAILED,False,True,False,No frozen allowlist rule triggered.,,False,,False,False,True,False,False,equivalent_extraction
qwen3_5_4b__ce112_q09_divisor_multiple_intersection__ab2d__seed_2026071301,ce112_q09_divisor_multiple_intersection,ab2d,2026071301,4151d8b2b85e9920331ab2744816b849a89876d182fd99e73421b92cd8f7a1c9,2306,9e067e3e75791eff6f769dd445e6dc477b36244c11d0791dc3570d6f02704661,4151d8b2b85e9920331ab2744816b849a89876d182fd99e73421b92cd8f7a1c9,4151d8b2b85e9920331ab2744816b849a89876d182fd99e73421b92cd8f7a1c9,True,4151d8b2b85e9920331ab2744816b849a89876d182fd99e73421b92cd8f7a1c9,4151d8b2b85e9920331ab2744816b849a89876d182fd99e73421b92cd8f7a1c9,4151d8b2b85e9920331ab2744816b849a89876d182fd99e73421b92cd8f7a1c9,plain_text,extracted,2306,parses_ok,FAILED,PASS,True,FAILED,False,True,False,No frozen allowlist rule triggered.,,False,,False,False,True,False,False,equivalent_extraction
qwen3_5_4b__ce112_q09_divisor_multiple_intersection__ab2d__seed_2026072001,ce112_q09_divisor_multiple_intersection,ab2d,2026072001,dfd8ebeee19b16025d9aa2194cf2eae880da27c6f0bf628f1e21de96bd78a3ce,2458,a1c7b2a8231d6718fb8417a99746be3ef68618a8048b179827617a07f9eea2c0,dfd8ebeee19b16025d9aa2194cf2eae880da27c6f0bf628f1e21de96bd78a3ce,dfd8ebeee19b16025d9aa2194cf2eae880da27c6f0bf628f1e21de96bd78a3ce,True,dfd8ebeee19b16025d9aa2194cf2eae880da27c6f0bf628f1e21de96bd78a3ce,dfd8ebeee19b16025d9aa2194cf2eae880da27c6f0bf628f1e21de96bd78a3ce,a2abd0c5655e9b6b109f1ffd6ad2864864a0245ea6431fdd60502876df5d08b9,plain_text,extracted,2458,parses_ok,FAILED,PASS,True,FAILED,False,True,True,Frozen precondition symptom matched: L2_CORRECT_ANSWER_JSON_DUMPS_UNWRAP,L2_CORRECT_ANSWER_JSON_DUMPS_UNWRAP,True,L2_CORRECT_ANSWER_JSON_DUMPS_UNWRAP,True,True,True,False,False,equivalent_extraction
qwen3_5_4b__ce112_q09_divisor_multiple_intersection__ab2d__seed_2026072002,ce112_q09_divisor_multiple_intersection,ab2d,2026072002,ee368a38da596159997072bf0518fb3607a35b21475ae50fe9ce648b4305295d,1432,2f154370d35cf3869019a7eedb1947b6135289880fbde20c4dd1a1b1739ea27c,ee368a38da596159997072bf0518fb3607a35b21475ae50fe9ce648b4305295d,ee368a38da596159997072bf0518fb3607a35b21475ae50fe9ce648b4305295d,True,ee368a38da596159997072bf0518fb3607a35b21475ae50fe9ce648b4305295d,ee368a38da596159997072bf0518fb3607a35b21475ae50fe9ce648b4305295d,ee368a38da596159997072bf0518fb3607a35b21475ae50fe9ce648b4305295d,plain_text,extracted,1432,parses_ok,FAILED,PASS,True,FAILED,False,True,False,No frozen allowlist rule triggered.,,False,,False,False,True,False,False,equivalent_extraction
qwen3_5_4b__ce112_q09_divisor_multiple_intersection__ab2d__seed_2026072003,ce112_q09_divisor_multiple_intersection,ab2d,2026072003,5a9e086326f2f0f68719f2a694403ed8215a15918bde244bbbb766219381325d,82916,ceb50e76470313806c84c32b56f44bb3ed16dfb5820b04afda5a1b4ce4210fbc,5a9e086326f2f0f68719f2a694403ed8215a15918bde244bbbb766219381325d,5a9e086326f2f0f68719f2a694403ed8215a15918bde244bbbb766219381325d,True,5a9e086326f2f0f68719f2a694403ed8215a15918bde244bbbb766219381325d,5a9e086326f2f0f68719f2a694403ed8215a15918bde244bbbb766219381325d,051b091fc028ee595c1425d02a066b1f4973b8c9aae9bf1716709791ea146de3,plain_text,extracted,82916,syntax_error,FAILED,FAIL,True,FAILED,False,True,False,No extractable candidate source for frozen healer.,,True,L1_PROSE_RESIDUE_NARROW,True,True,True,False,True,eligibility_only
qwen3_5_4b__ce112_q09_divisor_multiple_intersection__ab2d__seed_2026072004,ce112_q09_divisor_multiple_intersection,ab2d,2026072004,e2cf470cfb467b45cfbc9f4139d8a6ecff079d6becf8bcfd32b781d30711edbf,5308,8e9e44ac9f642646ea64550a43dd5e4988b4606846814c8503edcefafe4fbca6,e2cf470cfb467b45cfbc9f4139d8a6ecff079d6becf8bcfd32b781d30711edbf,e2cf470cfb467b45cfbc9f4139d8a6ecff079d6becf8bcfd32b781d30711edbf,True,e2cf470cfb467b45cfbc9f4139d8a6ecff079d6becf8bcfd32b781d30711edbf,e2cf470cfb467b45cfbc9f4139d8a6ecff079d6becf8bcfd32b781d30711edbf,e2cf470cfb467b45cfbc9f4139d8a6ecff079d6becf8bcfd32b781d30711edbf,plain_text,extracted,5308,syntax_error,FAILED,FAIL,True,FAILED,False,True,False,No frozen allowlist rule triggered.,,False,,False,False,True,False,False,normalization_only
qwen3_5_4b__ce112_q09_divisor_multiple_intersection__ab2d_spec_v2__seed_2026071301,ce112_q09_divisor_multiple_intersection,ab2d_spec_v2,2026071301,08471238e55f6e6560761b08609e0620733df380715992c8e16e7a48a5327a0e,1106,f9723e215250286cde356e7622c92a8e87be95bf0e2e9a756c7c9adc3324dc28,08471238e55f6e6560761b08609e0620733df380715992c8e16e7a48a5327a0e,08471238e55f6e6560761b08609e0620733df380715992c8e16e7a48a5327a0e,True,08471238e55f6e6560761b08609e0620733df380715992c8e16e7a48a5327a0e,08471238e55f6e6560761b08609e0620733df380715992c8e16e7a48a5327a0e,08471238e55f6e6560761b08609e0620733df380715992c8e16e7a48a5327a0e,plain_text,extracted,1106,parses_ok,PASSED,PASS,False,PASSED,False,False,,,,False,,False,False,True,False,False,equivalent_extraction
qwen3_5_4b__ce112_q09_divisor_multiple_intersection__ab2d_spec_v2__seed_2026072001,ce112_q09_divisor_multiple_intersection,ab2d_spec_v2,2026072001,c9cc00f2d83cc7e01d71214c6b39afeef0dde06f3256b08cc9aeb1212c9fd379,1230,aff7d616e080065e3c3dee1f5c9f4917104bf64f3c1b5573f05cbba8a96d3f71,c9cc00f2d83cc7e01d71214c6b39afeef0dde06f3256b08cc9aeb1212c9fd379,c9cc00f2d83cc7e01d71214c6b39afeef0dde06f3256b08cc9aeb1212c9fd379,True,c9cc00f2d83cc7e01d71214c6b39afeef0dde06f3256b08cc9aeb1212c9fd379,c9cc00f2d83cc7e01d71214c6b39afeef0dde06f3256b08cc9aeb1212c9fd379,c9cc00f2d83cc7e01d71214c6b39afeef0dde06f3256b08cc9aeb1212c9fd379,plain_text,extracted,1230,parses_ok,PASSED,PASS,False,PASSED,False,False,,,,False,,False,False,True,False,False,equivalent_extraction
qwen3_5_4b__ce112_q09_divisor_multiple_intersection__ab2d_spec_v2__seed_2026072002,ce112_q09_divisor_multiple_intersection,ab2d_spec_v2,2026072002,a649cf999d8a638453fd23bf8bc8778e7d3fc9107b8eb9f313750aa1f10e6985,1169,ed465bd94bf6eeb43c222b746c9a3dea0e098d72e29b2661e6d4fc7ce6315d89,a649cf999d8a638453fd23bf8bc8778e7d3fc9107b8eb9f313750aa1f10e6985,a649cf999d8a638453fd23bf8bc8778e7d3fc9107b8eb9f313750aa1f10e6985,True,a649cf999d8a638453fd23bf8bc8778e7d3fc9107b8eb9f313750aa1f10e6985,a649cf999d8a638453fd23bf8bc8778e7d3fc9107b8eb9f313750aa1f10e6985,a649cf999d8a638453fd23bf8bc8778e7d3fc9107b8eb9f313750aa1f10e6985,plain_text,extracted,1169,parses_ok,PASSED,PASS,False,PASSED,False,False,,,,False,,False,False,True,False,False,equivalent_extraction
qwen3_5_4b__ce112_q09_divisor_multiple_intersection__ab2d_spec_v2__seed_2026072003,ce112_q09_divisor_multiple_intersection,ab2d_spec_v2,2026072003,30a299c20ac3f12236a01c61b548722c20a0dbf4d597cf322066b784cbeaf5c6,2062,f40951f952869e353fdac41e95ef69791b9a98ffbcaea42f6a095a0bce34cf88,33a704b3f2aaffdcb7fa6c03b8306f28f41aa94cf3d5200d342f76708d0e4ec6,30a299c20ac3f12236a01c61b548722c20a0dbf4d597cf322066b784cbeaf5c6,True,33a704b3f2aaffdcb7fa6c03b8306f28f41aa94cf3d5200d342f76708d0e4ec6,33a704b3f2aaffdcb7fa6c03b8306f28f41aa94cf3d5200d342f76708d0e4ec6,33a704b3f2aaffdcb7fa6c03b8306f28f41aa94cf3d5200d342f76708d0e4ec6,fenced_python,extracted,2049,parses_ok,PASSED,PASS,False,PASSED,False,False,,,,False,,False,False,True,False,False,equivalent_extraction
qwen3_5_4b__ce112_q09_divisor_multiple_intersection__ab2d_spec_v2__seed_2026072004,ce112_q09_divisor_multiple_intersection,ab2d_spec_v2,2026072004,529c328aa8d04324d3b77c56b70c5ad909a88c196cb1ae318d7c122543a08bc6,1136,06c83d427af8611d9c9236a53c92fddc2d3616a2aa213594969f91f836315e2f,529c328aa8d04324d3b77c56b70c5ad909a88c196cb1ae318d7c122543a08bc6,529c328aa8d04324d3b77c56b70c5ad909a88c196cb1ae318d7c122543a08bc6,True,529c328aa8d04324d3b77c56b70c5ad909a88c196cb1ae318d7c122543a08bc6,529c328aa8d04324d3b77c56b70c5ad909a88c196cb1ae318d7c122543a08bc6,529c328aa8d04324d3b77c56b70c5ad909a88c196cb1ae318d7c122543a08bc6,plain_text,extracted,1136,parses_ok,PASSED,PASS,False,PASSED,False,False,,,,False,,False,False,True,False,False,equivalent_extraction
qwen3_5_4b__ce112_q09_divisor_multiple_intersection__ab2g__seed_2026071301,ce112_q09_divisor_multiple_intersection,ab2g,2026071301,7925559a3e75cc6127c6c4cfbfffec272cf8f4123a734a99a0a33118e4b58ded,736,08af34ce10ffe1950476f5fdb172b5f06e338586ebb6676420de6cac5db1c24f,7925559a3e75cc6127c6c4cfbfffec272cf8f4123a734a99a0a33118e4b58ded,7925559a3e75cc6127c6c4cfbfffec272cf8f4123a734a99a0a33118e4b58ded,True,7925559a3e75cc6127c6c4cfbfffec272cf8f4123a734a99a0a33118e4b58ded,7925559a3e75cc6127c6c4cfbfffec272cf8f4123a734a99a0a33118e4b58ded,7925559a3e75cc6127c6c4cfbfffec272cf8f4123a734a99a0a33118e4b58ded,plain_text,extracted,736,parses_ok,FAILED,PASS,True,FAILED,False,True,False,No frozen allowlist rule triggered.,,False,,False,False,True,False,False,equivalent_extraction
qwen3_5_4b__ce112_q09_divisor_multiple_intersection__ab2g__seed_2026072001,ce112_q09_divisor_multiple_intersection,ab2g,2026072001,5e9e2dabc9a27d303bbb61e16558b09ad89108f1207816ee5b8c7f4cdbcddd49,4317,94618a77fed427f0e1e4112752416952442e7ab6ceb1cb003dee85e9b586c7e3,5e9e2dabc9a27d303bbb61e16558b09ad89108f1207816ee5b8c7f4cdbcddd49,5e9e2dabc9a27d303bbb61e16558b09ad89108f1207816ee5b8c7f4cdbcddd49,True,5e9e2dabc9a27d303bbb61e16558b09ad89108f1207816ee5b8c7f4cdbcddd49,5e9e2dabc9a27d303bbb61e16558b09ad89108f1207816ee5b8c7f4cdbcddd49,5e9e2dabc9a27d303bbb61e16558b09ad89108f1207816ee5b8c7f4cdbcddd49,plain_text,extracted,4317,parses_ok,FAILED,PASS,True,FAILED,False,True,False,No frozen allowlist rule triggered.,,False,,False,False,True,False,False,equivalent_extraction
qwen3_5_4b__ce112_q09_divisor_multiple_intersection__ab2g__seed_2026072002,ce112_q09_divisor_multiple_intersection,ab2g,2026072002,9260dd22b6bbe66ae6b541a57c59512ec343d44274cf97db34a69f6432031bac,1727,5d025f125da5fe87468d1df9cbd00ff24497664c406b95f55a4195c0acc71bef,9260dd22b6bbe66ae6b541a57c59512ec343d44274cf97db34a69f6432031bac,9260dd22b6bbe66ae6b541a57c59512ec343d44274cf97db34a69f6432031bac,True,9260dd22b6bbe66ae6b541a57c59512ec343d44274cf97db34a69f6432031bac,9260dd22b6bbe66ae6b541a57c59512ec343d44274cf97db34a69f6432031bac,9260dd22b6bbe66ae6b541a57c59512ec343d44274cf97db34a69f6432031bac,plain_text,extracted,1727,parses_ok,FAILED,PASS,True,FAILED,False,True,False,No frozen allowlist rule triggered.,,False,,False,False,True,False,False,equivalent_extraction
qwen3_5_4b__ce112_q09_divisor_multiple_intersection__ab2g__seed_2026072003,ce112_q09_divisor_multiple_intersection,ab2g,2026072003,a6fd8729464b75f9a6c1a172f09aeb7a65a0c66b8aaa576e54c5c57276145f97,694,967a67f75e9dc04cbc8de0b938c4ce1f66b26b4bd41eb3907f5b82aa2ca9e80b,a6fd8729464b75f9a6c1a172f09aeb7a65a0c66b8aaa576e54c5c57276145f97,a6fd8729464b75f9a6c1a172f09aeb7a65a0c66b8aaa576e54c5c57276145f97,True,a6fd8729464b75f9a6c1a172f09aeb7a65a0c66b8aaa576e54c5c57276145f97,a6fd8729464b75f9a6c1a172f09aeb7a65a0c66b8aaa576e54c5c57276145f97,a6fd8729464b75f9a6c1a172f09aeb7a65a0c66b8aaa576e54c5c57276145f97,plain_text,extracted,694,parses_ok,FAILED,PASS,True,FAILED,False,True,False,No frozen allowlist rule triggered.,,False,,False,False,True,False,False,equivalent_extraction
qwen3_5_4b__ce112_q09_divisor_multiple_intersection__ab2g__seed_2026072004,ce112_q09_divisor_multiple_intersection,ab2g,2026072004,a43d134f3d2fbc0233c1606c9bea8db10ae969f36041da1d51cd37387e510b2b,692,616accf0fe3a43d6d3867fbb0c0eab5d6fabd25ac5025d083d16e503f0c7e06f,a43d134f3d2fbc0233c1606c9bea8db10ae969f36041da1d51cd37387e510b2b,a43d134f3d2fbc0233c1606c9bea8db10ae969f36041da1d51cd37387e510b2b,True,a43d134f3d2fbc0233c1606c9bea8db10ae969f36041da1d51cd37387e510b2b,a43d134f3d2fbc0233c1606c9bea8db10ae969f36041da1d51cd37387e510b2b,a43d134f3d2fbc0233c1606c9bea8db10ae969f36041da1d51cd37387e510b2b,plain_text,extracted,692,parses_ok,FAILED,PASS,True,FAILED,False,True,False,No frozen allowlist rule triggered.,,False,,False,False,True,False,False,equivalent_extraction
qwen3_5_4b__ce112_q12_independent_probability_fraction__ab1__seed_2026071301,ce112_q12_independent_probability_fraction,ab1,2026071301,2dadd619e69cb244e54f41a478e7abfd068cf975aad34d6201a4923bdbcfbe9d,4387,9e3498a39260cb3c098066b28d2ca91e5b5fcd6f18278457625f5f21c7343866,2dadd619e69cb244e54f41a478e7abfd068cf975aad34d6201a4923bdbcfbe9d,2dadd619e69cb244e54f41a478e7abfd068cf975aad34d6201a4923bdbcfbe9d,True,2dadd619e69cb244e54f41a478e7abfd068cf975aad34d6201a4923bdbcfbe9d,2dadd619e69cb244e54f41a478e7abfd068cf975aad34d6201a4923bdbcfbe9d,2dadd619e69cb244e54f41a478e7abfd068cf975aad34d6201a4923bdbcfbe9d,plain_text,extracted,4387,syntax_error,FAILED,FAIL,True,FAILED,False,True,False,No frozen allowlist rule triggered.,,False,,False,False,True,False,False,normalization_only
qwen3_5_4b__ce112_q12_independent_probability_fraction__ab1__seed_2026072001,ce112_q12_independent_probability_fraction,ab1,2026072001,0a94a70cd2cb66a52f2c820984d09def84802c3b1cb8f898ece4e6f5e063da55,17120,6839d7bbae65aff472d48ffc31ba006c14e025bdb497b2bdbcbec01f5cf88317,0a94a70cd2cb66a52f2c820984d09def84802c3b1cb8f898ece4e6f5e063da55,0a94a70cd2cb66a52f2c820984d09def84802c3b1cb8f898ece4e6f5e063da55,True,0a94a70cd2cb66a52f2c820984d09def84802c3b1cb8f898ece4e6f5e063da55,0a94a70cd2cb66a52f2c820984d09def84802c3b1cb8f898ece4e6f5e063da55,0a94a70cd2cb66a52f2c820984d09def84802c3b1cb8f898ece4e6f5e063da55,plain_text,extracted,17120,syntax_error,FAILED,FAIL,True,FAILED,False,True,False,No frozen allowlist rule triggered.,,False,,False,False,True,False,False,normalization_only
qwen3_5_4b__ce112_q12_independent_probability_fraction__ab1__seed_2026072002,ce112_q12_independent_probability_fraction,ab1,2026072002,e4fcba224b50e23d7342ddf81e6054aa3a3c7755ed811e6cbc3641de57e82985,1282,26b2a8e6dfd64882fd55de12b2fa97ffb1cfef4889468aabcfbd74548bf3fb2b,e4fcba224b50e23d7342ddf81e6054aa3a3c7755ed811e6cbc3641de57e82985,e4fcba224b50e23d7342ddf81e6054aa3a3c7755ed811e6cbc3641de57e82985,True,e4fcba224b50e23d7342ddf81e6054aa3a3c7755ed811e6cbc3641de57e82985,e4fcba224b50e23d7342ddf81e6054aa3a3c7755ed811e6cbc3641de57e82985,e4fcba224b50e23d7342ddf81e6054aa3a3c7755ed811e6cbc3641de57e82985,plain_text,extracted,1282,syntax_error,FAILED,FAIL,True,FAILED,False,True,False,No frozen allowlist rule triggered.,,False,,False,False,True,False,False,normalization_only
qwen3_5_4b__ce112_q12_independent_probability_fraction__ab1__seed_2026072003,ce112_q12_independent_probability_fraction,ab1,2026072003,6e7da362426332ea0c74aecc5db1ab0d2d9886b46151d822b2ad7c5306a9fc03,13610,01bf558b0e80def1b8bb9ca01c596c0eecc00bd1a88364fdd3c2970c7b80f30d,6e7da362426332ea0c74aecc5db1ab0d2d9886b46151d822b2ad7c5306a9fc03,6e7da362426332ea0c74aecc5db1ab0d2d9886b46151d822b2ad7c5306a9fc03,True,6e7da362426332ea0c74aecc5db1ab0d2d9886b46151d822b2ad7c5306a9fc03,6e7da362426332ea0c74aecc5db1ab0d2d9886b46151d822b2ad7c5306a9fc03,6e7da362426332ea0c74aecc5db1ab0d2d9886b46151d822b2ad7c5306a9fc03,plain_text,extracted,13610,syntax_error,FAILED,FAIL,True,FAILED,False,True,False,No frozen allowlist rule triggered.,,False,,False,False,True,False,False,normalization_only
qwen3_5_4b__ce112_q12_independent_probability_fraction__ab1__seed_2026072004,ce112_q12_independent_probability_fraction,ab1,2026072004,e8875e9d545681ab6cc60209f461bf1f54bb72fba846c06fcaf2ae2127bace82,2668,c428d7971b92363d98ec282be407c9e16fe7d623a5b1f9870acba78b0d31bb2b,e8875e9d545681ab6cc60209f461bf1f54bb72fba846c06fcaf2ae2127bace82,e8875e9d545681ab6cc60209f461bf1f54bb72fba846c06fcaf2ae2127bace82,True,e8875e9d545681ab6cc60209f461bf1f54bb72fba846c06fcaf2ae2127bace82,e8875e9d545681ab6cc60209f461bf1f54bb72fba846c06fcaf2ae2127bace82,e8875e9d545681ab6cc60209f461bf1f54bb72fba846c06fcaf2ae2127bace82,plain_text,extracted,2668,parses_ok,FAILED,PASS,True,FAILED,False,True,False,No frozen allowlist rule triggered.,,False,,False,False,True,False,False,equivalent_extraction
qwen3_5_4b__ce112_q12_independent_probability_fraction__ab2d__seed_2026071301,ce112_q12_independent_probability_fraction,ab2d,2026071301,3bb8bfaf84277d768f20ffdfb968a2e045b82014d40476f540d445c9c94fb4a8,3247,73d12cbad8894e73f2ad56c3074a17741092814911ca1e1ad72ac2cb53d4764f,3bb8bfaf84277d768f20ffdfb968a2e045b82014d40476f540d445c9c94fb4a8,3bb8bfaf84277d768f20ffdfb968a2e045b82014d40476f540d445c9c94fb4a8,True,3bb8bfaf84277d768f20ffdfb968a2e045b82014d40476f540d445c9c94fb4a8,3bb8bfaf84277d768f20ffdfb968a2e045b82014d40476f540d445c9c94fb4a8,3bb8bfaf84277d768f20ffdfb968a2e045b82014d40476f540d445c9c94fb4a8,plain_text,extracted,3247,parses_ok,FAILED,PASS,True,FAILED,False,True,False,No frozen allowlist rule triggered.,,False,,False,False,True,False,False,equivalent_extraction
qwen3_5_4b__ce112_q12_independent_probability_fraction__ab2d__seed_2026072001,ce112_q12_independent_probability_fraction,ab2d,2026072001,12e2986f46c046d011d62400b720e2acd6a9e713ed6aee71717decd1cca0cab4,3123,a60810f2de4bba7a036248e0e6d1c132df2162b0c709066f75141d71f96521a5,12e2986f46c046d011d62400b720e2acd6a9e713ed6aee71717decd1cca0cab4,12e2986f46c046d011d62400b720e2acd6a9e713ed6aee71717decd1cca0cab4,True,12e2986f46c046d011d62400b720e2acd6a9e713ed6aee71717decd1cca0cab4,12e2986f46c046d011d62400b720e2acd6a9e713ed6aee71717decd1cca0cab4,12e2986f46c046d011d62400b720e2acd6a9e713ed6aee71717decd1cca0cab4,plain_text,extracted,3123,syntax_error,FAILED,FAIL,True,FAILED,False,True,False,No frozen allowlist rule triggered.,,False,,False,False,True,False,False,normalization_only
qwen3_5_4b__ce112_q12_independent_probability_fraction__ab2d__seed_2026072002,ce112_q12_independent_probability_fraction,ab2d,2026072002,1346e365b51fb72d3ac33c5ac84305fc6d502f43704ee2f5681b30b36fc745e7,7164,2bb19c6e7ba790da1edc0434b12d80be7a87d345ec5d76365b3997b4ec242d87,1346e365b51fb72d3ac33c5ac84305fc6d502f43704ee2f5681b30b36fc745e7,1346e365b51fb72d3ac33c5ac84305fc6d502f43704ee2f5681b30b36fc745e7,True,1346e365b51fb72d3ac33c5ac84305fc6d502f43704ee2f5681b30b36fc745e7,1346e365b51fb72d3ac33c5ac84305fc6d502f43704ee2f5681b30b36fc745e7,1346e365b51fb72d3ac33c5ac84305fc6d502f43704ee2f5681b30b36fc745e7,plain_text,extracted,7164,syntax_error,FAILED,FAIL,True,FAILED,False,True,False,No frozen allowlist rule triggered.,,False,,False,False,True,False,False,normalization_only
qwen3_5_4b__ce112_q12_independent_probability_fraction__ab2d__seed_2026072003,ce112_q12_independent_probability_fraction,ab2d,2026072003,342d4acec143922643855a4eed4c92c455fcd5f7ffacdcb64646de2d4c5cd028,2763,508ab8fcc850a3ff7858b2cd374717ea613f918875bbe05183c8c7502784ab31,342d4acec143922643855a4eed4c92c455fcd5f7ffacdcb64646de2d4c5cd028,342d4acec143922643855a4eed4c92c455fcd5f7ffacdcb64646de2d4c5cd028,True,342d4acec143922643855a4eed4c92c455fcd5f7ffacdcb64646de2d4c5cd028,342d4acec143922643855a4eed4c92c455fcd5f7ffacdcb64646de2d4c5cd028,342d4acec143922643855a4eed4c92c455fcd5f7ffacdcb64646de2d4c5cd028,plain_text,extracted,2763,parses_ok,FAILED,PASS,True,FAILED,False,True,False,No frozen allowlist rule triggered.,,False,,False,False,True,False,False,equivalent_extraction
qwen3_5_4b__ce112_q12_independent_probability_fraction__ab2d__seed_2026072004,ce112_q12_independent_probability_fraction,ab2d,2026072004,5d7e7136a14b6d4e63b896e832ce009f0deb183abaeea165cec52628547f92d3,7300,78347c31c34ec9508abe4675d8ca8a47b9684a97c90bf77ed785ec3212aeb344,5d7e7136a14b6d4e63b896e832ce009f0deb183abaeea165cec52628547f92d3,5d7e7136a14b6d4e63b896e832ce009f0deb183abaeea165cec52628547f92d3,True,5d7e7136a14b6d4e63b896e832ce009f0deb183abaeea165cec52628547f92d3,5d7e7136a14b6d4e63b896e832ce009f0deb183abaeea165cec52628547f92d3,5d7e7136a14b6d4e63b896e832ce009f0deb183abaeea165cec52628547f92d3,plain_text,extracted,7300,syntax_error,FAILED,FAIL,True,FAILED,False,True,False,No frozen allowlist rule triggered.,,False,,False,False,True,False,False,normalization_only
qwen3_5_4b__ce112_q12_independent_probability_fraction__ab2d_spec_v2__seed_2026071301,ce112_q12_independent_probability_fraction,ab2d_spec_v2,2026071301,b925900cb92b8f86b1c8e4c0007b0650f360d9ee303e30525eee5419db5e4085,1284,776d62583bc23c5c854a1e66ff359748adebe2d83ded979ec3ce7c01edb8ebbc,b925900cb92b8f86b1c8e4c0007b0650f360d9ee303e30525eee5419db5e4085,b925900cb92b8f86b1c8e4c0007b0650f360d9ee303e30525eee5419db5e4085,True,b925900cb92b8f86b1c8e4c0007b0650f360d9ee303e30525eee5419db5e4085,b925900cb92b8f86b1c8e4c0007b0650f360d9ee303e30525eee5419db5e4085,b925900cb92b8f86b1c8e4c0007b0650f360d9ee303e30525eee5419db5e4085,plain_text,extracted,1284,syntax_error,FAILED,FAIL,True,FAILED,False,True,False,No frozen allowlist rule triggered.,,False,,False,False,True,False,False,normalization_only
qwen3_5_4b__ce112_q12_independent_probability_fraction__ab2d_spec_v2__seed_2026072001,ce112_q12_independent_probability_fraction,ab2d_spec_v2,2026072001,819217d7e97fe7e7b42af0fe3b875d011477983fe663aff92ae074b06be52a37,1168,47660e5abf00977b018c8210135005fbff866bb81ea487e04d534cbe9163534f,819217d7e97fe7e7b42af0fe3b875d011477983fe663aff92ae074b06be52a37,819217d7e97fe7e7b42af0fe3b875d011477983fe663aff92ae074b06be52a37,True,819217d7e97fe7e7b42af0fe3b875d011477983fe663aff92ae074b06be52a37,819217d7e97fe7e7b42af0fe3b875d011477983fe663aff92ae074b06be52a37,819217d7e97fe7e7b42af0fe3b875d011477983fe663aff92ae074b06be52a37,plain_text,extracted,1168,parses_ok,PASSED,PASS,False,PASSED,False,False,,,,False,,False,False,True,False,False,equivalent_extraction
qwen3_5_4b__ce112_q12_independent_probability_fraction__ab2d_spec_v2__seed_2026072002,ce112_q12_independent_probability_fraction,ab2d_spec_v2,2026072002,43f3d7f0b08262ae6a13ee80a937ad67597743cb4355fb82ae4ce6655b64c9a6,1196,55b9a770e1c1af476ccffcaf565bb50872d2567e59dfdc451a5961400293823f,43f3d7f0b08262ae6a13ee80a937ad67597743cb4355fb82ae4ce6655b64c9a6,43f3d7f0b08262ae6a13ee80a937ad67597743cb4355fb82ae4ce6655b64c9a6,True,43f3d7f0b08262ae6a13ee80a937ad67597743cb4355fb82ae4ce6655b64c9a6,43f3d7f0b08262ae6a13ee80a937ad67597743cb4355fb82ae4ce6655b64c9a6,43f3d7f0b08262ae6a13ee80a937ad67597743cb4355fb82ae4ce6655b64c9a6,plain_text,extracted,1196,parses_ok,PASSED,PASS,False,PASSED,False,False,,,,False,,False,False,True,False,False,equivalent_extraction
qwen3_5_4b__ce112_q12_independent_probability_fraction__ab2d_spec_v2__seed_2026072003,ce112_q12_independent_probability_fraction,ab2d_spec_v2,2026072003,4cfaedd89137b08f075a9a1cc149a773ed4252304bc0994fc711a5ce4a39d7d7,1131,b2ba736298ee0a4728fe4d224984fc9d0e2c8439fa77aa20fc9a7f3a2881bfd8,4dcf897c747a608b708bcb27633477482e2048f13bdfa1a0cdbb13240aa3b9b3,4cfaedd89137b08f075a9a1cc149a773ed4252304bc0994fc711a5ce4a39d7d7,True,4dcf897c747a608b708bcb27633477482e2048f13bdfa1a0cdbb13240aa3b9b3,4dcf897c747a608b708bcb27633477482e2048f13bdfa1a0cdbb13240aa3b9b3,4dcf897c747a608b708bcb27633477482e2048f13bdfa1a0cdbb13240aa3b9b3,fenced_python,extracted,1118,parses_ok,FAILED,PASS,True,FAILED,False,True,False,No frozen allowlist rule triggered.,,False,,False,False,True,False,False,equivalent_extraction
qwen3_5_4b__ce112_q12_independent_probability_fraction__ab2d_spec_v2__seed_2026072004,ce112_q12_independent_probability_fraction,ab2d_spec_v2,2026072004,050a8231d5965ce3ab966d9f974a92644ed28acf570e2e10bf53d2979217d1e1,2034,ab0c7cd820e69e253667cacc076223b0df6d02a13f7538083641298e8e997c44,050a8231d5965ce3ab966d9f974a92644ed28acf570e2e10bf53d2979217d1e1,050a8231d5965ce3ab966d9f974a92644ed28acf570e2e10bf53d2979217d1e1,True,050a8231d5965ce3ab966d9f974a92644ed28acf570e2e10bf53d2979217d1e1,050a8231d5965ce3ab966d9f974a92644ed28acf570e2e10bf53d2979217d1e1,050a8231d5965ce3ab966d9f974a92644ed28acf570e2e10bf53d2979217d1e1,plain_text,extracted,2034,syntax_error,FAILED,FAIL,True,FAILED,False,True,False,No frozen allowlist rule triggered.,,False,,False,False,True,False,False,normalization_only
qwen3_5_4b__ce112_q12_independent_probability_fraction__ab2g__seed_2026071301,ce112_q12_independent_probability_fraction,ab2g,2026071301,c9a03413276c6a686e9c22e44eb9012dd261152e304ff2abb4036c381170aa0b,1277,90a8237030feb12ea0e062bb42178297bcee8ec6926ccaf1fe173a1ba7e96096,c9a03413276c6a686e9c22e44eb9012dd261152e304ff2abb4036c381170aa0b,c9a03413276c6a686e9c22e44eb9012dd261152e304ff2abb4036c381170aa0b,True,c9a03413276c6a686e9c22e44eb9012dd261152e304ff2abb4036c381170aa0b,c9a03413276c6a686e9c22e44eb9012dd261152e304ff2abb4036c381170aa0b,c9a03413276c6a686e9c22e44eb9012dd261152e304ff2abb4036c381170aa0b,plain_text,extracted,1277,syntax_error,FAILED,FAIL,True,FAILED,False,True,False,No frozen allowlist rule triggered.,,False,,False,False,True,False,False,normalization_only
qwen3_5_4b__ce112_q12_independent_probability_fraction__ab2g__seed_2026072001,ce112_q12_independent_probability_fraction,ab2g,2026072001,3f6f7e5f1d1e780f8bbf66a787cd50e4fddf676f31808631372113571578e5a5,1186,6fcf9d06820469a49795e0aa73265d568ae2f62599c9e558a30a8240a3a215cd,3f6f7e5f1d1e780f8bbf66a787cd50e4fddf676f31808631372113571578e5a5,3f6f7e5f1d1e780f8bbf66a787cd50e4fddf676f31808631372113571578e5a5,True,3f6f7e5f1d1e780f8bbf66a787cd50e4fddf676f31808631372113571578e5a5,3f6f7e5f1d1e780f8bbf66a787cd50e4fddf676f31808631372113571578e5a5,3f6f7e5f1d1e780f8bbf66a787cd50e4fddf676f31808631372113571578e5a5,plain_text,extracted,1186,parses_ok,FAILED,PASS,True,FAILED,False,True,False,No frozen allowlist rule triggered.,,False,,False,False,True,False,False,equivalent_extraction
qwen3_5_4b__ce112_q12_independent_probability_fraction__ab2g__seed_2026072002,ce112_q12_independent_probability_fraction,ab2g,2026072002,74a73474d26753510c98b3d88c90a294440c19d5eccc1381ca57321422ad5f8b,2210,ce7ff04e634bd395fdc442f1a386c20a89c8aafa35069c3d766939a22ad720fb,74a73474d26753510c98b3d88c90a294440c19d5eccc1381ca57321422ad5f8b,74a73474d26753510c98b3d88c90a294440c19d5eccc1381ca57321422ad5f8b,True,74a73474d26753510c98b3d88c90a294440c19d5eccc1381ca57321422ad5f8b,74a73474d26753510c98b3d88c90a294440c19d5eccc1381ca57321422ad5f8b,74a73474d26753510c98b3d88c90a294440c19d5eccc1381ca57321422ad5f8b,plain_text,extracted,2210,syntax_error,FAILED,FAIL,True,FAILED,False,True,False,No frozen allowlist rule triggered.,,False,,False,False,True,False,False,normalization_only
qwen3_5_4b__ce112_q12_independent_probability_fraction__ab2g__seed_2026072003,ce112_q12_independent_probability_fraction,ab2g,2026072003,f13a4c6b91eb5c664cd4eacbe0736fdb59f297235bd2e596100d1b1e9435889b,1344,6ce3115e49e24d2733ae0d190f370a9a2712c0fb69f2df75bdfb75811c89e274,f13a4c6b91eb5c664cd4eacbe0736fdb59f297235bd2e596100d1b1e9435889b,f13a4c6b91eb5c664cd4eacbe0736fdb59f297235bd2e596100d1b1e9435889b,True,f13a4c6b91eb5c664cd4eacbe0736fdb59f297235bd2e596100d1b1e9435889b,f13a4c6b91eb5c664cd4eacbe0736fdb59f297235bd2e596100d1b1e9435889b,f13a4c6b91eb5c664cd4eacbe0736fdb59f297235bd2e596100d1b1e9435889b,plain_text,extracted,1344,parses_ok,FAILED,PASS,True,FAILED,False,True,False,No frozen allowlist rule triggered.,,False,,False,False,True,False,False,equivalent_extraction
qwen3_5_4b__ce112_q12_independent_probability_fraction__ab2g__seed_2026072004,ce112_q12_independent_probability_fraction,ab2g,2026072004,03200c25f10b43c688c3e33f1ffc71b76d08cfdc8f54c567051c48c7e23a83b5,1432,06adb2a578aebc385d70b8f94a80aa7671409db64b1834cb724827bfcf83a698,03200c25f10b43c688c3e33f1ffc71b76d08cfdc8f54c567051c48c7e23a83b5,03200c25f10b43c688c3e33f1ffc71b76d08cfdc8f54c567051c48c7e23a83b5,True,03200c25f10b43c688c3e33f1ffc71b76d08cfdc8f54c567051c48c7e23a83b5,03200c25f10b43c688c3e33f1ffc71b76d08cfdc8f54c567051c48c7e23a83b5,03200c25f10b43c688c3e33f1ffc71b76d08cfdc8f54c567051c48c7e23a83b5,plain_text,extracted,1432,parses_ok,PASSED,PASS,False,PASSED,False,False,,,,False,,False,False,True,False,False,equivalent_extraction
qwen3_5_4b__ce113_q01_negative_fraction_subtraction__ab1__seed_2026071301,ce113_q01_negative_fraction_subtraction,ab1,2026071301,1fe5469d719de5a98e36ba7de0c795d926093cfa498213c42fc0bca6e0fa7000,308,52851e4c8e669a7ab1583a50b9f78a5b3032a11854707743cfb40c10e66377c7,1fe5469d719de5a98e36ba7de0c795d926093cfa498213c42fc0bca6e0fa7000,1fe5469d719de5a98e36ba7de0c795d926093cfa498213c42fc0bca6e0fa7000,True,1fe5469d719de5a98e36ba7de0c795d926093cfa498213c42fc0bca6e0fa7000,1fe5469d719de5a98e36ba7de0c795d926093cfa498213c42fc0bca6e0fa7000,1fe5469d719de5a98e36ba7de0c795d926093cfa498213c42fc0bca6e0fa7000,plain_text,extracted,308,parses_ok,FAILED,PASS,True,FAILED,False,True,False,No frozen allowlist rule triggered.,,False,,False,False,True,False,False,equivalent_extraction
qwen3_5_4b__ce113_q01_negative_fraction_subtraction__ab1__seed_2026072001,ce113_q01_negative_fraction_subtraction,ab1,2026072001,1fe5469d719de5a98e36ba7de0c795d926093cfa498213c42fc0bca6e0fa7000,308,13d4d3a9cdd113b469479064d8889837bd886c2d09c78ad1c58f8edcb68b1ae7,1fe5469d719de5a98e36ba7de0c795d926093cfa498213c42fc0bca6e0fa7000,1fe5469d719de5a98e36ba7de0c795d926093cfa498213c42fc0bca6e0fa7000,True,1fe5469d719de5a98e36ba7de0c795d926093cfa498213c42fc0bca6e0fa7000,1fe5469d719de5a98e36ba7de0c795d926093cfa498213c42fc0bca6e0fa7000,1fe5469d719de5a98e36ba7de0c795d926093cfa498213c42fc0bca6e0fa7000,plain_text,extracted,308,parses_ok,FAILED,PASS,True,FAILED,False,True,False,No frozen allowlist rule triggered.,,False,,False,False,True,False,False,equivalent_extraction
qwen3_5_4b__ce113_q01_negative_fraction_subtraction__ab1__seed_2026072002,ce113_q01_negative_fraction_subtraction,ab1,2026072002,bcd8daf2f3bdea7d98bac54dfd7503ecdb3630eb569858da552edee7da13af7e,360,558319c67f5b7598f4bcb2f45d0b3de35cdc23da05d969b2584f41cb30099d22,bcd8daf2f3bdea7d98bac54dfd7503ecdb3630eb569858da552edee7da13af7e,bcd8daf2f3bdea7d98bac54dfd7503ecdb3630eb569858da552edee7da13af7e,True,bcd8daf2f3bdea7d98bac54dfd7503ecdb3630eb569858da552edee7da13af7e,bcd8daf2f3bdea7d98bac54dfd7503ecdb3630eb569858da552edee7da13af7e,bcd8daf2f3bdea7d98bac54dfd7503ecdb3630eb569858da552edee7da13af7e,plain_text,extracted,360,parses_ok,FAILED,PASS,True,FAILED,False,True,False,No frozen allowlist rule triggered.,,False,,False,False,True,False,False,equivalent_extraction
qwen3_5_4b__ce113_q01_negative_fraction_subtraction__ab1__seed_2026072003,ce113_q01_negative_fraction_subtraction,ab1,2026072003,4cc567a1d62201a83d51ed6550e1cbf6464be6e2ce39681b51cfede4da55a598,779,29fcc1915c0e7dea551ac5066469e45c7bef71bd73e823094800780556495d38,4cc567a1d62201a83d51ed6550e1cbf6464be6e2ce39681b51cfede4da55a598,4cc567a1d62201a83d51ed6550e1cbf6464be6e2ce39681b51cfede4da55a598,True,4cc567a1d62201a83d51ed6550e1cbf6464be6e2ce39681b51cfede4da55a598,4cc567a1d62201a83d51ed6550e1cbf6464be6e2ce39681b51cfede4da55a598,4cc567a1d62201a83d51ed6550e1cbf6464be6e2ce39681b51cfede4da55a598,plain_text,extracted,779,parses_ok,PASSED,PASS,False,PASSED,False,False,,,,False,,False,False,True,False,False,equivalent_extraction
qwen3_5_4b__ce113_q01_negative_fraction_subtraction__ab1__seed_2026072004,ce113_q01_negative_fraction_subtraction,ab1,2026072004,60f145b309781af56ab3387affb0e6e9cae14de052de5ceda21f981ce66d6960,326,ab55ebfc1c9c396e6bac1cfd68bbfd2ecf4a0c3aace1eeca92b572fcdb0ac976,60f145b309781af56ab3387affb0e6e9cae14de052de5ceda21f981ce66d6960,60f145b309781af56ab3387affb0e6e9cae14de052de5ceda21f981ce66d6960,True,60f145b309781af56ab3387affb0e6e9cae14de052de5ceda21f981ce66d6960,60f145b309781af56ab3387affb0e6e9cae14de052de5ceda21f981ce66d6960,60f145b309781af56ab3387affb0e6e9cae14de052de5ceda21f981ce66d6960,plain_text,extracted,326,parses_ok,FAILED,PASS,True,FAILED,False,True,False,No frozen allowlist rule triggered.,,False,,False,False,True,False,False,equivalent_extraction
qwen3_5_4b__ce113_q01_negative_fraction_subtraction__ab2d__seed_2026071301,ce113_q01_negative_fraction_subtraction,ab2d,2026071301,a9130b3adf66f5c347959740070f8f6a6e4a7200a01a23ded796ad747690eb97,1853,a0c475b73fe4fb9329be6bc3e17a3568f0313ac5f8e0b08d2fc1888ffe112231,a9130b3adf66f5c347959740070f8f6a6e4a7200a01a23ded796ad747690eb97,a9130b3adf66f5c347959740070f8f6a6e4a7200a01a23ded796ad747690eb97,True,a9130b3adf66f5c347959740070f8f6a6e4a7200a01a23ded796ad747690eb97,a9130b3adf66f5c347959740070f8f6a6e4a7200a01a23ded796ad747690eb97,a9130b3adf66f5c347959740070f8f6a6e4a7200a01a23ded796ad747690eb97,plain_text,extracted,1853,parses_ok,FAILED,PASS,True,FAILED,False,True,False,No frozen allowlist rule triggered.,,False,,False,False,True,False,False,equivalent_extraction
qwen3_5_4b__ce113_q01_negative_fraction_subtraction__ab2d__seed_2026072001,ce113_q01_negative_fraction_subtraction,ab2d,2026072001,eb05f08a2901ba9a6b73e1431c9eaad6298b9e20ac01767831e8c756c511f9ed,1705,b0e5e6c49fc70940b11e4127a0e177aad4a98c7a98a638048494a2d336b5a73d,eb05f08a2901ba9a6b73e1431c9eaad6298b9e20ac01767831e8c756c511f9ed,eb05f08a2901ba9a6b73e1431c9eaad6298b9e20ac01767831e8c756c511f9ed,True,eb05f08a2901ba9a6b73e1431c9eaad6298b9e20ac01767831e8c756c511f9ed,eb05f08a2901ba9a6b73e1431c9eaad6298b9e20ac01767831e8c756c511f9ed,eb05f08a2901ba9a6b73e1431c9eaad6298b9e20ac01767831e8c756c511f9ed,plain_text,extracted,1705,parses_ok,PASSED,PASS,False,PASSED,False,False,,,,False,,False,False,True,False,False,equivalent_extraction
qwen3_5_4b__ce113_q01_negative_fraction_subtraction__ab2d__seed_2026072002,ce113_q01_negative_fraction_subtraction,ab2d,2026072002,aea6777617b8b207a1da301051d229cafc00db939efd9b37f06e058765342919,1131,351b181779729a88cdf2c4c3c27aaa8ff0e1e9bd159f1c9d55e8c6b6083bb13b,aea6777617b8b207a1da301051d229cafc00db939efd9b37f06e058765342919,aea6777617b8b207a1da301051d229cafc00db939efd9b37f06e058765342919,True,aea6777617b8b207a1da301051d229cafc00db939efd9b37f06e058765342919,aea6777617b8b207a1da301051d229cafc00db939efd9b37f06e058765342919,aea6777617b8b207a1da301051d229cafc00db939efd9b37f06e058765342919,plain_text,extracted,1131,parses_ok,PASSED,PASS,False,PASSED,False,False,,,,False,,False,False,True,False,False,equivalent_extraction
qwen3_5_4b__ce113_q01_negative_fraction_subtraction__ab2d__seed_2026072003,ce113_q01_negative_fraction_subtraction,ab2d,2026072003,62217cc0767000145c69c156ccd798dafcb22f4aac770061ca80a3322e91f6e4,1339,ccab4f604cb275d0bf037d1c982636d2224c7027068788075354628e828467e3,62217cc0767000145c69c156ccd798dafcb22f4aac770061ca80a3322e91f6e4,62217cc0767000145c69c156ccd798dafcb22f4aac770061ca80a3322e91f6e4,True,62217cc0767000145c69c156ccd798dafcb22f4aac770061ca80a3322e91f6e4,62217cc0767000145c69c156ccd798dafcb22f4aac770061ca80a3322e91f6e4,62217cc0767000145c69c156ccd798dafcb22f4aac770061ca80a3322e91f6e4,plain_text,extracted,1339,parses_ok,FAILED,PASS,True,FAILED,False,True,False,No frozen allowlist rule triggered.,,False,,False,False,True,False,False,equivalent_extraction
qwen3_5_4b__ce113_q01_negative_fraction_subtraction__ab2d__seed_2026072004,ce113_q01_negative_fraction_subtraction,ab2d,2026072004,7b80ca83292556b1f97370a94bd17b0a1be4c93b9a2148d61b247d04794c1dc3,1441,b7f14b368e1b908dfc8264eefee87007edfe9594811e5ff1c6ed34deae86c38c,7b80ca83292556b1f97370a94bd17b0a1be4c93b9a2148d61b247d04794c1dc3,7b80ca83292556b1f97370a94bd17b0a1be4c93b9a2148d61b247d04794c1dc3,True,7b80ca83292556b1f97370a94bd17b0a1be4c93b9a2148d61b247d04794c1dc3,7b80ca83292556b1f97370a94bd17b0a1be4c93b9a2148d61b247d04794c1dc3,7b80ca83292556b1f97370a94bd17b0a1be4c93b9a2148d61b247d04794c1dc3,plain_text,extracted,1441,parses_ok,FAILED,PASS,True,FAILED,False,True,False,No frozen allowlist rule triggered.,,False,,False,False,True,False,False,equivalent_extraction
qwen3_5_4b__ce113_q01_negative_fraction_subtraction__ab2d_spec_v2__seed_2026071301,ce113_q01_negative_fraction_subtraction,ab2d_spec_v2,2026071301,1a01ff1954a15611f07bd0623de715ad660f6b63444205e1153653af2f1b411a,1409,844a4d7db38211a4b962349c430f374cd80452907abe1e0216b8bc94639e6d6b,1a01ff1954a15611f07bd0623de715ad660f6b63444205e1153653af2f1b411a,1a01ff1954a15611f07bd0623de715ad660f6b63444205e1153653af2f1b411a,True,1a01ff1954a15611f07bd0623de715ad660f6b63444205e1153653af2f1b411a,1a01ff1954a15611f07bd0623de715ad660f6b63444205e1153653af2f1b411a,1a01ff1954a15611f07bd0623de715ad660f6b63444205e1153653af2f1b411a,plain_text,extracted,1409,parses_ok,PASSED,PASS,False,PASSED,False,False,,,,False,,False,False,True,False,False,equivalent_extraction
qwen3_5_4b__ce113_q01_negative_fraction_subtraction__ab2d_spec_v2__seed_2026072001,ce113_q01_negative_fraction_subtraction,ab2d_spec_v2,2026072001,08046a9be21b03a05cd77992d3f77ff67b04ce1df82e92f976728c71e651804a,884,d92ff5c04868c1e8b499dd4975acf4428dc9612fad9ec43a90dfd38546ee73a3,08046a9be21b03a05cd77992d3f77ff67b04ce1df82e92f976728c71e651804a,08046a9be21b03a05cd77992d3f77ff67b04ce1df82e92f976728c71e651804a,True,08046a9be21b03a05cd77992d3f77ff67b04ce1df82e92f976728c71e651804a,08046a9be21b03a05cd77992d3f77ff67b04ce1df82e92f976728c71e651804a,08046a9be21b03a05cd77992d3f77ff67b04ce1df82e92f976728c71e651804a,plain_text,extracted,884,syntax_error,FAILED,FAIL,True,FAILED,False,True,False,No frozen allowlist rule triggered.,,False,,False,False,True,False,False,normalization_only
qwen3_5_4b__ce113_q01_negative_fraction_subtraction__ab2d_spec_v2__seed_2026072002,ce113_q01_negative_fraction_subtraction,ab2d_spec_v2,2026072002,61c5bbe666505b451b43d5c8cf341dcd1fe6d08781be401035c5c30e6da55714,2992,330bac1af2e7d17b92fad9cf22ec11bb99d96839e90ec67d9943ccc9e8e39d0b,61c5bbe666505b451b43d5c8cf341dcd1fe6d08781be401035c5c30e6da55714,61c5bbe666505b451b43d5c8cf341dcd1fe6d08781be401035c5c30e6da55714,True,61c5bbe666505b451b43d5c8cf341dcd1fe6d08781be401035c5c30e6da55714,61c5bbe666505b451b43d5c8cf341dcd1fe6d08781be401035c5c30e6da55714,5c0096122f64bcc5a63e9f767029c35f9aa9ebf402f9346e4608727a2a9116fc,plain_text,extracted,2992,parses_ok,FAILED,PASS,True,FAILED,False,True,True,Frozen precondition symptom matched: L2_SINGLE_KEY_ORACLE_PAYLOAD_WRAP,L2_SINGLE_KEY_ORACLE_PAYLOAD_WRAP,True,L2_SINGLE_KEY_ORACLE_PAYLOAD_WRAP,True,True,True,False,False,equivalent_extraction
qwen3_5_4b__ce113_q01_negative_fraction_subtraction__ab2d_spec_v2__seed_2026072003,ce113_q01_negative_fraction_subtraction,ab2d_spec_v2,2026072003,1c530872ac61f268152ce48a9f23b53bbd9d53647f2b430e83090673a2c5ff52,1639,9d4a82e4284f30ac0a9b55e6576efe56cc39d4b9a25255cb3edb24c58771fecf,91944bb5712c579bd05a202e6b2ee458064cfc1413b1ddb7ca08cbaf5c773282,1c530872ac61f268152ce48a9f23b53bbd9d53647f2b430e83090673a2c5ff52,True,91944bb5712c579bd05a202e6b2ee458064cfc1413b1ddb7ca08cbaf5c773282,91944bb5712c579bd05a202e6b2ee458064cfc1413b1ddb7ca08cbaf5c773282,91944bb5712c579bd05a202e6b2ee458064cfc1413b1ddb7ca08cbaf5c773282,fenced_python,extracted,1626,syntax_error,FAILED,FAIL,True,FAILED,False,True,False,No frozen allowlist rule triggered.,,False,,False,False,True,False,False,normalization_only
qwen3_5_4b__ce113_q01_negative_fraction_subtraction__ab2d_spec_v2__seed_2026072004,ce113_q01_negative_fraction_subtraction,ab2d_spec_v2,2026072004,dfe8c5381eddab483face34b4fcadd5c7fe2e4eea33fbd8805e7dbe86e79a5c9,2129,4e1848ddf892954c1f18983ce9929319929ec1dc3256aa85d59bffec26b5db3c,dfe8c5381eddab483face34b4fcadd5c7fe2e4eea33fbd8805e7dbe86e79a5c9,dfe8c5381eddab483face34b4fcadd5c7fe2e4eea33fbd8805e7dbe86e79a5c9,True,dfe8c5381eddab483face34b4fcadd5c7fe2e4eea33fbd8805e7dbe86e79a5c9,dfe8c5381eddab483face34b4fcadd5c7fe2e4eea33fbd8805e7dbe86e79a5c9,dfe8c5381eddab483face34b4fcadd5c7fe2e4eea33fbd8805e7dbe86e79a5c9,plain_text,extracted,2129,parses_ok,PASSED,PASS,False,PASSED,False,False,,,,False,,False,False,True,False,False,equivalent_extraction
qwen3_5_4b__ce113_q01_negative_fraction_subtraction__ab2g__seed_2026071301,ce113_q01_negative_fraction_subtraction,ab2g,2026071301,8ca64f59a50be37327c77a0514027b174754aa4dc3b41a2e7d54f24aaf6d27d3,614,3d5d14be7f0e883f773e28ae21b639799e34ab458769e9d3bdd8ad683fc3052f,8ca64f59a50be37327c77a0514027b174754aa4dc3b41a2e7d54f24aaf6d27d3,8ca64f59a50be37327c77a0514027b174754aa4dc3b41a2e7d54f24aaf6d27d3,True,8ca64f59a50be37327c77a0514027b174754aa4dc3b41a2e7d54f24aaf6d27d3,8ca64f59a50be37327c77a0514027b174754aa4dc3b41a2e7d54f24aaf6d27d3,8ca64f59a50be37327c77a0514027b174754aa4dc3b41a2e7d54f24aaf6d27d3,plain_text,extracted,614,parses_ok,PASSED,PASS,False,PASSED,False,False,,,,False,,False,False,True,False,False,equivalent_extraction
qwen3_5_4b__ce113_q01_negative_fraction_subtraction__ab2g__seed_2026072001,ce113_q01_negative_fraction_subtraction,ab2g,2026072001,3d5b492d8a329edfb803e7356eebba978b603ef53e5aec89c2d763963259a42d,868,6b818d6e85a1b7d9e811c4fd362a0f5ed8e3e25689193befd176cd8699a46bce,3d5b492d8a329edfb803e7356eebba978b603ef53e5aec89c2d763963259a42d,3d5b492d8a329edfb803e7356eebba978b603ef53e5aec89c2d763963259a42d,True,3d5b492d8a329edfb803e7356eebba978b603ef53e5aec89c2d763963259a42d,3d5b492d8a329edfb803e7356eebba978b603ef53e5aec89c2d763963259a42d,3d5b492d8a329edfb803e7356eebba978b603ef53e5aec89c2d763963259a42d,plain_text,extracted,868,syntax_error,FAILED,FAIL,True,FAILED,False,True,False,No frozen allowlist rule triggered.,,False,,False,False,True,False,False,normalization_only
qwen3_5_4b__ce113_q01_negative_fraction_subtraction__ab2g__seed_2026072002,ce113_q01_negative_fraction_subtraction,ab2g,2026072002,d6694b067ac7092f6c8eccf73cc4aae7bbde17e1b9035515cf12ad2d8688209e,608,a1d4cca023d96860317a2d8fe947b7ed99d29bcba78914edf03266527d111a01,d6694b067ac7092f6c8eccf73cc4aae7bbde17e1b9035515cf12ad2d8688209e,d6694b067ac7092f6c8eccf73cc4aae7bbde17e1b9035515cf12ad2d8688209e,True,d6694b067ac7092f6c8eccf73cc4aae7bbde17e1b9035515cf12ad2d8688209e,d6694b067ac7092f6c8eccf73cc4aae7bbde17e1b9035515cf12ad2d8688209e,d6694b067ac7092f6c8eccf73cc4aae7bbde17e1b9035515cf12ad2d8688209e,plain_text,extracted,608,parses_ok,PASSED,PASS,False,PASSED,False,False,,,,False,,False,False,True,False,False,equivalent_extraction
qwen3_5_4b__ce113_q01_negative_fraction_subtraction__ab2g__seed_2026072003,ce113_q01_negative_fraction_subtraction,ab2g,2026072003,8699b3c183676d9e7b28d43998acb688d45ab70864ee1f88fb49d710caa1e020,754,0936ff935878327a8f49e02829962fa023abc2e4ca0bbae46a5b2a8953e25cee,8699b3c183676d9e7b28d43998acb688d45ab70864ee1f88fb49d710caa1e020,8699b3c183676d9e7b28d43998acb688d45ab70864ee1f88fb49d710caa1e020,True,8699b3c183676d9e7b28d43998acb688d45ab70864ee1f88fb49d710caa1e020,8699b3c183676d9e7b28d43998acb688d45ab70864ee1f88fb49d710caa1e020,f5d064162554e6256e5ee44ad4f0810b1ba0990a51f18e3eb7374e280320db05,plain_text,extracted,754,parses_ok,FAILED,PASS,True,FAILED,False,True,True,Frozen precondition symptom matched: L2_SINGLE_KEY_ORACLE_PAYLOAD_WRAP,L2_SINGLE_KEY_ORACLE_PAYLOAD_WRAP,True,L2_SINGLE_KEY_ORACLE_PAYLOAD_WRAP,True,True,True,False,False,equivalent_extraction
qwen3_5_4b__ce113_q01_negative_fraction_subtraction__ab2g__seed_2026072004,ce113_q01_negative_fraction_subtraction,ab2g,2026072004,4369763c5adf11b978bd4f1a330db473620f8bd4261c5d8fcd975a510547e7c4,623,97d7fdcf78a29bade18736a4b88c40f95f11fa70e0cffd17b56378aa60db7715,4369763c5adf11b978bd4f1a330db473620f8bd4261c5d8fcd975a510547e7c4,4369763c5adf11b978bd4f1a330db473620f8bd4261c5d8fcd975a510547e7c4,True,4369763c5adf11b978bd4f1a330db473620f8bd4261c5d8fcd975a510547e7c4,4369763c5adf11b978bd4f1a330db473620f8bd4261c5d8fcd975a510547e7c4,4369763c5adf11b978bd4f1a330db473620f8bd4261c5d8fcd975a510547e7c4,plain_text,extracted,623,parses_ok,PASSED,PASS,False,PASSED,False,False,,,,False,,False,False,True,False,False,equivalent_extraction
qwen3_5_4b__ce113_q11_rationalize_denominator__ab1__seed_2026071301,ce113_q11_rationalize_denominator,ab1,2026071301,1dfb6c28d20d24e33b4f7fe00c53f59a8f7bd1f40e1cac5bd8a875af1c7652ee,292,091c4234e8a23c2fcafc6ad0d94d780e8e65524cef99ec46b207924ccb1e227d,1dfb6c28d20d24e33b4f7fe00c53f59a8f7bd1f40e1cac5bd8a875af1c7652ee,1dfb6c28d20d24e33b4f7fe00c53f59a8f7bd1f40e1cac5bd8a875af1c7652ee,True,1dfb6c28d20d24e33b4f7fe00c53f59a8f7bd1f40e1cac5bd8a875af1c7652ee,1dfb6c28d20d24e33b4f7fe00c53f59a8f7bd1f40e1cac5bd8a875af1c7652ee,1dfb6c28d20d24e33b4f7fe00c53f59a8f7bd1f40e1cac5bd8a875af1c7652ee,plain_text,extracted,292,parses_ok,FAILED,PASS,True,FAILED,False,True,False,No frozen allowlist rule triggered.,,False,,False,False,True,False,False,equivalent_extraction
qwen3_5_4b__ce113_q11_rationalize_denominator__ab1__seed_2026072001,ce113_q11_rationalize_denominator,ab1,2026072001,6404ea70e2c3c6c0f098f7540c5af297ea699aea112aa2ef2586a47082d26ad7,294,bfb5a7ca019163d311d4393fe33a4a0c3f2cba2caa1efd9a90abccee25be9afe,6404ea70e2c3c6c0f098f7540c5af297ea699aea112aa2ef2586a47082d26ad7,6404ea70e2c3c6c0f098f7540c5af297ea699aea112aa2ef2586a47082d26ad7,True,6404ea70e2c3c6c0f098f7540c5af297ea699aea112aa2ef2586a47082d26ad7,6404ea70e2c3c6c0f098f7540c5af297ea699aea112aa2ef2586a47082d26ad7,6404ea70e2c3c6c0f098f7540c5af297ea699aea112aa2ef2586a47082d26ad7,plain_text,extracted,294,parses_ok,FAILED,PASS,True,FAILED,False,True,False,No frozen allowlist rule triggered.,,False,,False,False,True,False,False,equivalent_extraction
qwen3_5_4b__ce113_q11_rationalize_denominator__ab1__seed_2026072002,ce113_q11_rationalize_denominator,ab1,2026072002,fb979b7f27e0eed44538734252d326466942aec77c6d9da0629811f3428e412f,251,397cd5a8e89012cd7d8790073237582b77adf9f63fe1b9c2167f1489ffb497aa,fb979b7f27e0eed44538734252d326466942aec77c6d9da0629811f3428e412f,fb979b7f27e0eed44538734252d326466942aec77c6d9da0629811f3428e412f,True,fb979b7f27e0eed44538734252d326466942aec77c6d9da0629811f3428e412f,fb979b7f27e0eed44538734252d326466942aec77c6d9da0629811f3428e412f,fb979b7f27e0eed44538734252d326466942aec77c6d9da0629811f3428e412f,plain_text,extracted,251,parses_ok,FAILED,PASS,True,FAILED,False,True,False,No frozen allowlist rule triggered.,,False,,False,False,True,False,False,equivalent_extraction
qwen3_5_4b__ce113_q11_rationalize_denominator__ab1__seed_2026072003,ce113_q11_rationalize_denominator,ab1,2026072003,9501c8819873a95d88b8323d837ab18b1df227f53902beaedab924800c5824d6,17690,ccddd971f5fe9fbc062ffeb453a3bb08824a280239636b4e97937de6fe3fa680,9501c8819873a95d88b8323d837ab18b1df227f53902beaedab924800c5824d6,9501c8819873a95d88b8323d837ab18b1df227f53902beaedab924800c5824d6,True,9501c8819873a95d88b8323d837ab18b1df227f53902beaedab924800c5824d6,9501c8819873a95d88b8323d837ab18b1df227f53902beaedab924800c5824d6,9501c8819873a95d88b8323d837ab18b1df227f53902beaedab924800c5824d6,plain_text,extracted,17690,parses_ok,FAILED,PASS,True,FAILED,False,True,False,No frozen allowlist rule triggered.,,False,,False,False,True,False,False,equivalent_extraction
qwen3_5_4b__ce113_q11_rationalize_denominator__ab1__seed_2026072004,ce113_q11_rationalize_denominator,ab1,2026072004,545552431bf88214a23c4ba738c4d8523df5067bbccb9b8a846a8295bcd41d44,15178,933277b1df40e72eb2ffb452357cb0e5c4080f218b909963e67cb639cb651dc4,35980b75394bc031b48a0e9b5367f0e499220d6746e55872e7c44731b4153928,545552431bf88214a23c4ba738c4d8523df5067bbccb9b8a846a8295bcd41d44,True,35980b75394bc031b48a0e9b5367f0e499220d6746e55872e7c44731b4153928,35980b75394bc031b48a0e9b5367f0e499220d6746e55872e7c44731b4153928,35980b75394bc031b48a0e9b5367f0e499220d6746e55872e7c44731b4153928,fenced_python,extracted,1295,parses_ok,FAILED,PASS,True,FAILED,False,True,False,No frozen allowlist rule triggered.,,False,,False,False,True,False,False,equivalent_extraction
qwen3_5_4b__ce113_q11_rationalize_denominator__ab2d__seed_2026071301,ce113_q11_rationalize_denominator,ab2d,2026071301,5a1cb61fdcd8db46954118d09da84b1f3ba00a3e94ce03759ace9b940aca0da9,6453,cd73341d22fa73fd69d6f3d8b5b86a46d0c94305e901b3f5f1e3f85d85fd949d,5a1cb61fdcd8db46954118d09da84b1f3ba00a3e94ce03759ace9b940aca0da9,5a1cb61fdcd8db46954118d09da84b1f3ba00a3e94ce03759ace9b940aca0da9,True,5a1cb61fdcd8db46954118d09da84b1f3ba00a3e94ce03759ace9b940aca0da9,5a1cb61fdcd8db46954118d09da84b1f3ba00a3e94ce03759ace9b940aca0da9,5a1cb61fdcd8db46954118d09da84b1f3ba00a3e94ce03759ace9b940aca0da9,plain_text,extracted,6453,parses_ok,FAILED,PASS,True,FAILED,False,True,False,No frozen allowlist rule triggered.,,False,,False,False,True,False,False,equivalent_extraction
qwen3_5_4b__ce113_q11_rationalize_denominator__ab2d__seed_2026072001,ce113_q11_rationalize_denominator,ab2d,2026072001,0058edf4e61f3cdfcb93bb69125cb4e25d9e10cfc95bf5ee4741500ba0e5e50b,11740,2b0866bef1ad566893fe0b7fbdfc6ef876b23885e48551e0c363ab4de1437439,0058edf4e61f3cdfcb93bb69125cb4e25d9e10cfc95bf5ee4741500ba0e5e50b,0058edf4e61f3cdfcb93bb69125cb4e25d9e10cfc95bf5ee4741500ba0e5e50b,True,0058edf4e61f3cdfcb93bb69125cb4e25d9e10cfc95bf5ee4741500ba0e5e50b,0058edf4e61f3cdfcb93bb69125cb4e25d9e10cfc95bf5ee4741500ba0e5e50b,0058edf4e61f3cdfcb93bb69125cb4e25d9e10cfc95bf5ee4741500ba0e5e50b,plain_text,extracted,11740,syntax_error,FAILED,FAIL,True,FAILED,False,True,False,No frozen allowlist rule triggered.,,False,,False,False,True,False,False,normalization_only
qwen3_5_4b__ce113_q11_rationalize_denominator__ab2d__seed_2026072002,ce113_q11_rationalize_denominator,ab2d,2026072002,2a51c506607d1c64dc3da3fab3275f92d441a9ff8a37f009e7361b040986085f,89524,c59cf9b615a21320e3234ed5e0c3211ab31c66aa267de1ae77cee82779db9e1e,2a51c506607d1c64dc3da3fab3275f92d441a9ff8a37f009e7361b040986085f,2a51c506607d1c64dc3da3fab3275f92d441a9ff8a37f009e7361b040986085f,True,2a51c506607d1c64dc3da3fab3275f92d441a9ff8a37f009e7361b040986085f,2a51c506607d1c64dc3da3fab3275f92d441a9ff8a37f009e7361b040986085f,2a51c506607d1c64dc3da3fab3275f92d441a9ff8a37f009e7361b040986085f,plain_text,extracted,89524,syntax_error,FAILED,FAIL,True,FAILED,False,True,False,No frozen allowlist rule triggered.,,False,,False,False,True,False,False,normalization_only
qwen3_5_4b__ce113_q11_rationalize_denominator__ab2d__seed_2026072003,ce113_q11_rationalize_denominator,ab2d,2026072003,29c4d53dfac6783fea72cb766d8b2064970bc813db03556570fa73420bc13a87,6478,b8c520bdbc75406a6eba07a70b4527b1b4d98c63ac06a19f4eb37d1a1155a1e3,add4133bb1d100700a4d8a56f8fa7436655f129a02a3640103f2712438588c2d,29c4d53dfac6783fea72cb766d8b2064970bc813db03556570fa73420bc13a87,True,add4133bb1d100700a4d8a56f8fa7436655f129a02a3640103f2712438588c2d,add4133bb1d100700a4d8a56f8fa7436655f129a02a3640103f2712438588c2d,add4133bb1d100700a4d8a56f8fa7436655f129a02a3640103f2712438588c2d,fenced_python,extracted,6465,parses_ok,FAILED,PASS,True,FAILED,False,True,False,No frozen allowlist rule triggered.,,False,,False,False,True,False,False,equivalent_extraction
qwen3_5_4b__ce113_q11_rationalize_denominator__ab2d__seed_2026072004,ce113_q11_rationalize_denominator,ab2d,2026072004,173980ab01a3c125ed167b4bed3266c47a390302a449a1b4680d640394b2448d,9995,232f4c8845f38989f2bdd66379ca65102250894b634142a2646852e50a9ebb6d,173980ab01a3c125ed167b4bed3266c47a390302a449a1b4680d640394b2448d,173980ab01a3c125ed167b4bed3266c47a390302a449a1b4680d640394b2448d,True,173980ab01a3c125ed167b4bed3266c47a390302a449a1b4680d640394b2448d,173980ab01a3c125ed167b4bed3266c47a390302a449a1b4680d640394b2448d,173980ab01a3c125ed167b4bed3266c47a390302a449a1b4680d640394b2448d,plain_text,extracted,9995,parses_ok,FAILED,PASS,True,FAILED,False,True,False,No frozen allowlist rule triggered.,,False,,False,False,True,False,False,equivalent_extraction
qwen3_5_4b__ce113_q11_rationalize_denominator__ab2d_spec_v2__seed_2026071301,ce113_q11_rationalize_denominator,ab2d_spec_v2,2026071301,57e5a8f8356519a0ff522499f7c76cc5485b4c7b1f2b013eef162879115835b4,4309,e70001077d6b99f800f98c04c9638fe0d244747ad660fea9b82eb333908db9d8,a9e04979ef54117d04f4ce9a4726c430e111b0579d5992e4d4c2ae24c52581ce,57e5a8f8356519a0ff522499f7c76cc5485b4c7b1f2b013eef162879115835b4,True,a9e04979ef54117d04f4ce9a4726c430e111b0579d5992e4d4c2ae24c52581ce,a9e04979ef54117d04f4ce9a4726c430e111b0579d5992e4d4c2ae24c52581ce,a9e04979ef54117d04f4ce9a4726c430e111b0579d5992e4d4c2ae24c52581ce,fenced_python,extracted,4296,parses_ok,PASSED,PASS,False,PASSED,False,False,,,,False,,False,False,True,False,False,equivalent_extraction
qwen3_5_4b__ce113_q11_rationalize_denominator__ab2d_spec_v2__seed_2026072001,ce113_q11_rationalize_denominator,ab2d_spec_v2,2026072001,9d015cff78dccc21a021c0ac2368a21ce6c11e1854de5eccd5b2e3ce887db019,3548,02a535ff6fbe945b074fda85793d7591219fcd36d91fd81c8559bcfd3a621228,cf4a6a1b34111115353d60d31141821946aa2bb6d17a0e0afd9af99b425bdcae,9d015cff78dccc21a021c0ac2368a21ce6c11e1854de5eccd5b2e3ce887db019,True,cf4a6a1b34111115353d60d31141821946aa2bb6d17a0e0afd9af99b425bdcae,cf4a6a1b34111115353d60d31141821946aa2bb6d17a0e0afd9af99b425bdcae,cf4a6a1b34111115353d60d31141821946aa2bb6d17a0e0afd9af99b425bdcae,fenced_python,extracted,3535,parses_ok,PASSED,PASS,False,PASSED,False,False,,,,False,,False,False,True,False,False,equivalent_extraction
qwen3_5_4b__ce113_q11_rationalize_denominator__ab2d_spec_v2__seed_2026072002,ce113_q11_rationalize_denominator,ab2d_spec_v2,2026072002,43269f3a10806605347e826864518f53afea2c036610ea2bc1141cb1a5e48db4,2051,41f88f32a2ffaca49d6d22ed71b190522451708f7ebe5125a315316204cc9171,06e4badc90a8a1d81485cf24cf1fe64339f3cbca772ebbe5266e622a31df9f6d,43269f3a10806605347e826864518f53afea2c036610ea2bc1141cb1a5e48db4,True,06e4badc90a8a1d81485cf24cf1fe64339f3cbca772ebbe5266e622a31df9f6d,06e4badc90a8a1d81485cf24cf1fe64339f3cbca772ebbe5266e622a31df9f6d,06e4badc90a8a1d81485cf24cf1fe64339f3cbca772ebbe5266e622a31df9f6d,fenced_python,extracted,2038,parses_ok,PASSED,PASS,False,PASSED,False,False,,,,False,,False,False,True,False,False,equivalent_extraction
qwen3_5_4b__ce113_q11_rationalize_denominator__ab2d_spec_v2__seed_2026072003,ce113_q11_rationalize_denominator,ab2d_spec_v2,2026072003,58b72a55c5e7a47f541a09c9ea9bc249ff98cd44c9fb28d7427914a6bd4be101,6131,3f0cfacd19a2265a3253af79d020964e2e9a587afcb9f5fad22715af5bfbaec0,58b72a55c5e7a47f541a09c9ea9bc249ff98cd44c9fb28d7427914a6bd4be101,58b72a55c5e7a47f541a09c9ea9bc249ff98cd44c9fb28d7427914a6bd4be101,True,58b72a55c5e7a47f541a09c9ea9bc249ff98cd44c9fb28d7427914a6bd4be101,58b72a55c5e7a47f541a09c9ea9bc249ff98cd44c9fb28d7427914a6bd4be101,58b72a55c5e7a47f541a09c9ea9bc249ff98cd44c9fb28d7427914a6bd4be101,plain_text,extracted,6131,syntax_error,FAILED,FAIL,True,FAILED,False,True,False,No frozen allowlist rule triggered.,,False,,False,False,True,False,False,normalization_only
qwen3_5_4b__ce113_q11_rationalize_denominator__ab2d_spec_v2__seed_2026072004,ce113_q11_rationalize_denominator,ab2d_spec_v2,2026072004,0df1601799b606f8eac96ebc20ea157d7c8117d1de93f142e5d981df3403cd11,3087,3952204fbb7d2eb113ea76ec9cc66f8922872781de81f9bb6dd28abf6caf978a,b1d5bc3a245e947e3a26030174b4be080b78c4861c5e5ee513162dd02db33eaa,0df1601799b606f8eac96ebc20ea157d7c8117d1de93f142e5d981df3403cd11,True,b1d5bc3a245e947e3a26030174b4be080b78c4861c5e5ee513162dd02db33eaa,b1d5bc3a245e947e3a26030174b4be080b78c4861c5e5ee513162dd02db33eaa,b1d5bc3a245e947e3a26030174b4be080b78c4861c5e5ee513162dd02db33eaa,fenced_python,extracted,3074,parses_ok,FAILED,PASS,True,FAILED,False,True,False,No frozen allowlist rule triggered.,,False,,False,False,True,False,False,equivalent_extraction
qwen3_5_4b__ce113_q11_rationalize_denominator__ab2g__seed_2026071301,ce113_q11_rationalize_denominator,ab2g,2026071301,f58794dde8807564fcac7dae80cdde6acbbd11a1be71475d73c05eaf91cb9b3c,8760,6703d372be3de0c1d1547cfe515837f935a30900a1e949f477f95a00778507fd,f58794dde8807564fcac7dae80cdde6acbbd11a1be71475d73c05eaf91cb9b3c,f58794dde8807564fcac7dae80cdde6acbbd11a1be71475d73c05eaf91cb9b3c,True,f58794dde8807564fcac7dae80cdde6acbbd11a1be71475d73c05eaf91cb9b3c,f58794dde8807564fcac7dae80cdde6acbbd11a1be71475d73c05eaf91cb9b3c,f58794dde8807564fcac7dae80cdde6acbbd11a1be71475d73c05eaf91cb9b3c,plain_text,extracted,8760,parses_ok,FAILED,PASS,True,FAILED,False,True,False,No frozen allowlist rule triggered.,,False,,False,False,True,False,False,equivalent_extraction
qwen3_5_4b__ce113_q11_rationalize_denominator__ab2g__seed_2026072001,ce113_q11_rationalize_denominator,ab2g,2026072001,5d77ca74cd27f0aaa453eab6ee634bc7e6b1be212b6fea4a25ff27d1924d4ca4,17861,22ba520323ad16614784110018a0df420d379a8898d9bb3924bafb675b4e57d6,5d77ca74cd27f0aaa453eab6ee634bc7e6b1be212b6fea4a25ff27d1924d4ca4,5d77ca74cd27f0aaa453eab6ee634bc7e6b1be212b6fea4a25ff27d1924d4ca4,True,5d77ca74cd27f0aaa453eab6ee634bc7e6b1be212b6fea4a25ff27d1924d4ca4,5d77ca74cd27f0aaa453eab6ee634bc7e6b1be212b6fea4a25ff27d1924d4ca4,5d77ca74cd27f0aaa453eab6ee634bc7e6b1be212b6fea4a25ff27d1924d4ca4,plain_text,extracted,17861,syntax_error,FAILED,FAIL,True,FAILED,False,True,False,No frozen allowlist rule triggered.,,False,,False,False,True,False,False,normalization_only
qwen3_5_4b__ce113_q11_rationalize_denominator__ab2g__seed_2026072002,ce113_q11_rationalize_denominator,ab2g,2026072002,bbb70ab42ec9da092182816ba6f006105a8059a8dfbc44fb62fe32b73b3abe54,1522,a26a21e153a699440091d7a17a81673ff393c0215e12097b667da01e9ad267d2,bbb70ab42ec9da092182816ba6f006105a8059a8dfbc44fb62fe32b73b3abe54,bbb70ab42ec9da092182816ba6f006105a8059a8dfbc44fb62fe32b73b3abe54,True,bbb70ab42ec9da092182816ba6f006105a8059a8dfbc44fb62fe32b73b3abe54,bbb70ab42ec9da092182816ba6f006105a8059a8dfbc44fb62fe32b73b3abe54,bbb70ab42ec9da092182816ba6f006105a8059a8dfbc44fb62fe32b73b3abe54,plain_text,extracted,1522,parses_ok,FAILED,PASS,True,FAILED,False,True,False,No frozen allowlist rule triggered.,,False,,False,False,True,False,False,equivalent_extraction
qwen3_5_4b__ce113_q11_rationalize_denominator__ab2g__seed_2026072003,ce113_q11_rationalize_denominator,ab2g,2026072003,f5376180624d68a027b2ca45c2471f167d7c7e18929c67383ebbe5697956ee64,7766,dc3358bcf9c764a98ccefa3690db8c4c1dd243453871980057fa5dff81d7b1dd,f5376180624d68a027b2ca45c2471f167d7c7e18929c67383ebbe5697956ee64,f5376180624d68a027b2ca45c2471f167d7c7e18929c67383ebbe5697956ee64,True,f5376180624d68a027b2ca45c2471f167d7c7e18929c67383ebbe5697956ee64,f5376180624d68a027b2ca45c2471f167d7c7e18929c67383ebbe5697956ee64,f5376180624d68a027b2ca45c2471f167d7c7e18929c67383ebbe5697956ee64,plain_text,extracted,7766,parses_ok,FAILED,PASS,True,FAILED,False,True,False,No frozen allowlist rule triggered.,,False,,False,False,True,False,False,equivalent_extraction
qwen3_5_4b__ce113_q11_rationalize_denominator__ab2g__seed_2026072004,ce113_q11_rationalize_denominator,ab2g,2026072004,a3f83835ebbb6c9b97e4d158d27fe0b95402e4383b560f6230f3d0b9d0aab1ab,7304,27b8bf25ab6d5e2ff5c7ec1a4bedb880eb406587724b1ee07ccb65b33a695e83,a3f83835ebbb6c9b97e4d158d27fe0b95402e4383b560f6230f3d0b9d0aab1ab,a3f83835ebbb6c9b97e4d158d27fe0b95402e4383b560f6230f3d0b9d0aab1ab,True,a3f83835ebbb6c9b97e4d158d27fe0b95402e4383b560f6230f3d0b9d0aab1ab,a3f83835ebbb6c9b97e4d158d27fe0b95402e4383b560f6230f3d0b9d0aab1ab,a3f83835ebbb6c9b97e4d158d27fe0b95402e4383b560f6230f3d0b9d0aab1ab,plain_text,extracted,7304,parses_ok,FAILED,PASS,True,FAILED,False,True,False,No frozen allowlist rule triggered.,,False,,False,False,True,False,False,equivalent_extraction
qwen3_5_4b__ce115_calc_exact_rational_expression_l1__ab1__seed_2026071301,ce115_calc_exact_rational_expression_l1,ab1,2026071301,8663a66b726592704f2a8e0b49b87a09a508b87358e743f44b8e3723513e8bc4,2920,40e18142a7db8818ced80bac9a27020d318a60e0341eac5c7e6bac61e1f272e3,8663a66b726592704f2a8e0b49b87a09a508b87358e743f44b8e3723513e8bc4,8663a66b726592704f2a8e0b49b87a09a508b87358e743f44b8e3723513e8bc4,True,8663a66b726592704f2a8e0b49b87a09a508b87358e743f44b8e3723513e8bc4,8663a66b726592704f2a8e0b49b87a09a508b87358e743f44b8e3723513e8bc4,8663a66b726592704f2a8e0b49b87a09a508b87358e743f44b8e3723513e8bc4,plain_text,extracted,2920,syntax_error,FAILED,FAIL,True,FAILED,False,True,False,No frozen allowlist rule triggered.,,False,,False,False,True,False,False,normalization_only
qwen3_5_4b__ce115_calc_exact_rational_expression_l1__ab1__seed_2026072001,ce115_calc_exact_rational_expression_l1,ab1,2026072001,097af3022ddc9e75e87139bf899d6d8d5408347c3e8b75fc261445f886eee04f,6256,3a222aa837e3049dd21b1f243c75053c72b5406a28cfaf6746211988c815b87a,097af3022ddc9e75e87139bf899d6d8d5408347c3e8b75fc261445f886eee04f,097af3022ddc9e75e87139bf899d6d8d5408347c3e8b75fc261445f886eee04f,True,097af3022ddc9e75e87139bf899d6d8d5408347c3e8b75fc261445f886eee04f,097af3022ddc9e75e87139bf899d6d8d5408347c3e8b75fc261445f886eee04f,097af3022ddc9e75e87139bf899d6d8d5408347c3e8b75fc261445f886eee04f,plain_text,extracted,6256,parses_ok,FAILED,PASS,True,FAILED,False,True,False,No frozen allowlist rule triggered.,,False,,False,False,True,False,False,equivalent_extraction
qwen3_5_4b__ce115_calc_exact_rational_expression_l1__ab1__seed_2026072002,ce115_calc_exact_rational_expression_l1,ab1,2026072002,a378762c3d2ad56b08c4fbb1fc885e737e2a5b5faa2bbf782569f53026283513,77416,88839731c7bb60cec7911d737f7a2a9fd891bfc42f33d7307acf9176d7ce58db,a378762c3d2ad56b08c4fbb1fc885e737e2a5b5faa2bbf782569f53026283513,a378762c3d2ad56b08c4fbb1fc885e737e2a5b5faa2bbf782569f53026283513,True,a378762c3d2ad56b08c4fbb1fc885e737e2a5b5faa2bbf782569f53026283513,a378762c3d2ad56b08c4fbb1fc885e737e2a5b5faa2bbf782569f53026283513,a378762c3d2ad56b08c4fbb1fc885e737e2a5b5faa2bbf782569f53026283513,plain_text,extracted,77416,syntax_error,FAILED,FAIL,True,FAILED,False,True,False,No frozen allowlist rule triggered.,,False,,False,False,True,False,False,normalization_only
qwen3_5_4b__ce115_calc_exact_rational_expression_l1__ab1__seed_2026072003,ce115_calc_exact_rational_expression_l1,ab1,2026072003,783f4088340c5e01d73a29c3112dc73952b76b8d972532ec28a226100f45d3d8,1598,a9cff829e1796d9cd1759c26994fd68d0cae8d3c36ea4c79eed96b93df7427a1,783f4088340c5e01d73a29c3112dc73952b76b8d972532ec28a226100f45d3d8,783f4088340c5e01d73a29c3112dc73952b76b8d972532ec28a226100f45d3d8,True,783f4088340c5e01d73a29c3112dc73952b76b8d972532ec28a226100f45d3d8,783f4088340c5e01d73a29c3112dc73952b76b8d972532ec28a226100f45d3d8,783f4088340c5e01d73a29c3112dc73952b76b8d972532ec28a226100f45d3d8,plain_text,extracted,1598,parses_ok,FAILED,PASS,True,FAILED,False,True,False,No frozen allowlist rule triggered.,,False,,False,False,True,False,False,equivalent_extraction
qwen3_5_4b__ce115_calc_exact_rational_expression_l1__ab1__seed_2026072004,ce115_calc_exact_rational_expression_l1,ab1,2026072004,dc606782a8c1b276f3baec38dee685987bd820ff43223c1408daeb82a0165dc2,2470,0adc6d2d87037938aacbffa482c02f7aa4fa2b42db0704769f9e8a0a73d5d1fc,dc606782a8c1b276f3baec38dee685987bd820ff43223c1408daeb82a0165dc2,dc606782a8c1b276f3baec38dee685987bd820ff43223c1408daeb82a0165dc2,True,dc606782a8c1b276f3baec38dee685987bd820ff43223c1408daeb82a0165dc2,dc606782a8c1b276f3baec38dee685987bd820ff43223c1408daeb82a0165dc2,706a907823e98ab13119014e7410b8673adf02cb0c7e3b66b9454b85369a3756,plain_text,extracted,2470,syntax_error,FAILED,FAIL,True,FAILED,False,True,True,Frozen precondition symptom matched: L1_CLOSE_UNBALANCED_PARENTHESIS,L1_CLOSE_UNBALANCED_PARENTHESIS,True,L1_CLOSE_UNBALANCED_PARENTHESIS,True,True,True,False,False,normalization_only
qwen3_5_4b__ce115_calc_exact_rational_expression_l1__ab2d__seed_2026071301,ce115_calc_exact_rational_expression_l1,ab2d,2026071301,0d092290e78e1691cf71e66ca42cc1771817d56906f09486c8f0e10a38f8e8ef,1563,eea881b45d9b6e4973254732b30371a34f73b2af69d9d0e389b41588b03c75c4,0d092290e78e1691cf71e66ca42cc1771817d56906f09486c8f0e10a38f8e8ef,0d092290e78e1691cf71e66ca42cc1771817d56906f09486c8f0e10a38f8e8ef,True,0d092290e78e1691cf71e66ca42cc1771817d56906f09486c8f0e10a38f8e8ef,0d092290e78e1691cf71e66ca42cc1771817d56906f09486c8f0e10a38f8e8ef,0d092290e78e1691cf71e66ca42cc1771817d56906f09486c8f0e10a38f8e8ef,plain_text,extracted,1563,syntax_error,FAILED,FAIL,True,FAILED,False,True,False,No frozen allowlist rule triggered.,,False,,False,False,True,False,False,normalization_only
qwen3_5_4b__ce115_calc_exact_rational_expression_l1__ab2d__seed_2026072001,ce115_calc_exact_rational_expression_l1,ab2d,2026072001,913888023a229884abdc53086119171ae31aebf7fa20d3396128ea40691f9693,2023,d528a1177e6f10f77ae8da0b3429d4223af97eb8bc41f865cb76b6ff795217ce,913888023a229884abdc53086119171ae31aebf7fa20d3396128ea40691f9693,913888023a229884abdc53086119171ae31aebf7fa20d3396128ea40691f9693,True,913888023a229884abdc53086119171ae31aebf7fa20d3396128ea40691f9693,913888023a229884abdc53086119171ae31aebf7fa20d3396128ea40691f9693,913888023a229884abdc53086119171ae31aebf7fa20d3396128ea40691f9693,plain_text,extracted,2023,syntax_error,FAILED,FAIL,True,FAILED,False,True,False,No frozen allowlist rule triggered.,,False,,False,False,True,False,False,normalization_only
qwen3_5_4b__ce115_calc_exact_rational_expression_l1__ab2d__seed_2026072002,ce115_calc_exact_rational_expression_l1,ab2d,2026072002,4ba4dd6809ce27f62acc69840233739cb608469491c4959312a9ba98b4563908,1340,4779ce02530e17ea323c3fa75b831267b1b27ddcd91ffe5d01bfb8333d5b19e7,4ba4dd6809ce27f62acc69840233739cb608469491c4959312a9ba98b4563908,4ba4dd6809ce27f62acc69840233739cb608469491c4959312a9ba98b4563908,True,4ba4dd6809ce27f62acc69840233739cb608469491c4959312a9ba98b4563908,4ba4dd6809ce27f62acc69840233739cb608469491c4959312a9ba98b4563908,4ba4dd6809ce27f62acc69840233739cb608469491c4959312a9ba98b4563908,plain_text,extracted,1340,parses_ok,FAILED,PASS,True,FAILED,False,True,False,No frozen allowlist rule triggered.,,False,,False,False,True,False,False,equivalent_extraction
qwen3_5_4b__ce115_calc_exact_rational_expression_l1__ab2d__seed_2026072003,ce115_calc_exact_rational_expression_l1,ab2d,2026072003,0e55c7d9da473fb35ec1d0272b6774e747ef04be798119c2bf54392dcd7dcfa1,1810,eccd3b6f431f5b8294ca65cab4680c17b5410d124d5e05542c58ec9d6e7baeba,c947f5ccecda8e277a72d838efce393b3f2592401356a5e751e9c6bcfbf0061d,0e55c7d9da473fb35ec1d0272b6774e747ef04be798119c2bf54392dcd7dcfa1,True,c947f5ccecda8e277a72d838efce393b3f2592401356a5e751e9c6bcfbf0061d,c947f5ccecda8e277a72d838efce393b3f2592401356a5e751e9c6bcfbf0061d,c947f5ccecda8e277a72d838efce393b3f2592401356a5e751e9c6bcfbf0061d,fenced_python,extracted,1797,syntax_error,FAILED,FAIL,True,FAILED,False,True,False,No frozen allowlist rule triggered.,,False,,False,False,True,False,False,normalization_only
qwen3_5_4b__ce115_calc_exact_rational_expression_l1__ab2d__seed_2026072004,ce115_calc_exact_rational_expression_l1,ab2d,2026072004,5e5e9660a82d4b248f667b7446d0602e877fdd1c781d468723a454852469b841,2627,5804b53b6b8cee01919f97e755eac3fa207c1245abfafd5b8cfa4e98d19da985,5e5e9660a82d4b248f667b7446d0602e877fdd1c781d468723a454852469b841,5e5e9660a82d4b248f667b7446d0602e877fdd1c781d468723a454852469b841,True,5e5e9660a82d4b248f667b7446d0602e877fdd1c781d468723a454852469b841,5e5e9660a82d4b248f667b7446d0602e877fdd1c781d468723a454852469b841,5e5e9660a82d4b248f667b7446d0602e877fdd1c781d468723a454852469b841,plain_text,extracted,2627,syntax_error,FAILED,FAIL,True,FAILED,False,True,False,No frozen allowlist rule triggered.,,False,,False,False,True,False,False,normalization_only
qwen3_5_4b__ce115_calc_exact_rational_expression_l1__ab2d_spec_v2__seed_2026071301,ce115_calc_exact_rational_expression_l1,ab2d_spec_v2,2026071301,521ca8ebfb7ab571e435a976419e552636140dc5291e783efacc46c1b0fc0cdf,9558,7c4eb666481172542729ce8bbc28499f5aca281aea4ce90331a3b76390803396,0337d8a29ed924571bcd541e9bdcbe3dae0fc105baf2b269e5c90eb0f348f019,521ca8ebfb7ab571e435a976419e552636140dc5291e783efacc46c1b0fc0cdf,True,0337d8a29ed924571bcd541e9bdcbe3dae0fc105baf2b269e5c90eb0f348f019,0337d8a29ed924571bcd541e9bdcbe3dae0fc105baf2b269e5c90eb0f348f019,0337d8a29ed924571bcd541e9bdcbe3dae0fc105baf2b269e5c90eb0f348f019,fenced_python,extracted,9545,parses_ok,PASSED,PASS,False,PASSED,False,False,,,,False,,False,False,True,False,False,equivalent_extraction
qwen3_5_4b__ce115_calc_exact_rational_expression_l1__ab2d_spec_v2__seed_2026072001,ce115_calc_exact_rational_expression_l1,ab2d_spec_v2,2026072001,64c495a37d82fbb2f175988e8dc6ec2df1ec2a531397fde25a30209055aa3719,7407,f7ef73db713a6d5b723c97e2f9e99b478985bd2b244d693e4e639d53d4dc724f,c27b48b06473d329adb2eede78963b11b90ace10bc6ce81504f0ca8579645c2e,64c495a37d82fbb2f175988e8dc6ec2df1ec2a531397fde25a30209055aa3719,True,c27b48b06473d329adb2eede78963b11b90ace10bc6ce81504f0ca8579645c2e,c27b48b06473d329adb2eede78963b11b90ace10bc6ce81504f0ca8579645c2e,c27b48b06473d329adb2eede78963b11b90ace10bc6ce81504f0ca8579645c2e,fenced_python,extracted,7394,parses_ok,FAILED,PASS,True,FAILED,False,True,False,No frozen allowlist rule triggered.,,False,,False,False,True,False,False,equivalent_extraction
qwen3_5_4b__ce115_calc_exact_rational_expression_l1__ab2d_spec_v2__seed_2026072002,ce115_calc_exact_rational_expression_l1,ab2d_spec_v2,2026072002,7cfe4d87f28e3df17324e520ac8d1f1e7506db126aed1c210bcb5ef17903c504,1721,a1fef64da9a1589ac757d4456e40d95d3628667e4a1a11e889a8f7fd0cf2fdf4,618a1be0f2fa92197a21a478b9a8c91206f49f25ed1af4d35c42ef48d43609b5,7cfe4d87f28e3df17324e520ac8d1f1e7506db126aed1c210bcb5ef17903c504,True,618a1be0f2fa92197a21a478b9a8c91206f49f25ed1af4d35c42ef48d43609b5,618a1be0f2fa92197a21a478b9a8c91206f49f25ed1af4d35c42ef48d43609b5,618a1be0f2fa92197a21a478b9a8c91206f49f25ed1af4d35c42ef48d43609b5,fenced_python,extracted,1708,syntax_error,FAILED,FAIL,True,FAILED,False,True,False,No frozen allowlist rule triggered.,,False,,False,False,True,False,False,normalization_only
qwen3_5_4b__ce115_calc_exact_rational_expression_l1__ab2d_spec_v2__seed_2026072003,ce115_calc_exact_rational_expression_l1,ab2d_spec_v2,2026072003,0da18519267c10318578c6709d96e0d188067352ae305e5257a42fe60cf6eb5f,15543,dcfd395506d62bebef92cd8fe72a5b6a6933b724b0b49b8996bed292c1a494d6,0da18519267c10318578c6709d96e0d188067352ae305e5257a42fe60cf6eb5f,0da18519267c10318578c6709d96e0d188067352ae305e5257a42fe60cf6eb5f,True,0da18519267c10318578c6709d96e0d188067352ae305e5257a42fe60cf6eb5f,0da18519267c10318578c6709d96e0d188067352ae305e5257a42fe60cf6eb5f,0da18519267c10318578c6709d96e0d188067352ae305e5257a42fe60cf6eb5f,plain_text,extracted,15543,syntax_error,FAILED,FAIL,True,FAILED,False,True,False,No frozen allowlist rule triggered.,,False,,False,False,True,False,False,normalization_only
qwen3_5_4b__ce115_calc_exact_rational_expression_l1__ab2d_spec_v2__seed_2026072004,ce115_calc_exact_rational_expression_l1,ab2d_spec_v2,2026072004,07d7ea7624b76346522e6e7052514716cb2b6ebd338f2d1a772bc6201b91dfbd,2847,956703ff9cdc760eee55c109a36f9b1beb93c0939e1ae5067bf2268085434cbf,e71372f485760bae22665623ce1dcc737ec8ab7a4ae5f921fc868eb959d32fa2,07d7ea7624b76346522e6e7052514716cb2b6ebd338f2d1a772bc6201b91dfbd,True,e71372f485760bae22665623ce1dcc737ec8ab7a4ae5f921fc868eb959d32fa2,e71372f485760bae22665623ce1dcc737ec8ab7a4ae5f921fc868eb959d32fa2,e71372f485760bae22665623ce1dcc737ec8ab7a4ae5f921fc868eb959d32fa2,fenced_python,extracted,2834,parses_ok,FAILED,PASS,True,FAILED,False,True,False,No frozen allowlist rule triggered.,,False,,False,False,True,False,False,equivalent_extraction
qwen3_5_4b__ce115_calc_exact_rational_expression_l1__ab2g__seed_2026071301,ce115_calc_exact_rational_expression_l1,ab2g,2026071301,80e95115d6314983eec9df17aae3653826535369ba18a2f9780c61bafa85fedb,7450,f2269959aac18fe089b9939439d0b59b550ce74ffa454a0c56e36d9a3eac6381,80e95115d6314983eec9df17aae3653826535369ba18a2f9780c61bafa85fedb,80e95115d6314983eec9df17aae3653826535369ba18a2f9780c61bafa85fedb,True,80e95115d6314983eec9df17aae3653826535369ba18a2f9780c61bafa85fedb,80e95115d6314983eec9df17aae3653826535369ba18a2f9780c61bafa85fedb,80e95115d6314983eec9df17aae3653826535369ba18a2f9780c61bafa85fedb,plain_text,extracted,7450,syntax_error,FAILED,FAIL,True,FAILED,False,True,False,No frozen allowlist rule triggered.,,False,,False,False,True,False,False,normalization_only
qwen3_5_4b__ce115_calc_exact_rational_expression_l1__ab2g__seed_2026072001,ce115_calc_exact_rational_expression_l1,ab2g,2026072001,305d50d54317e7859bc42be2ce8bd5f3796c44ad5882a166ac8f97de8fbf1f94,3550,c9540538c7371cc3f6764129bfcf95e41ecfa411a01181fdc5ccbdd6131e40f7,305d50d54317e7859bc42be2ce8bd5f3796c44ad5882a166ac8f97de8fbf1f94,305d50d54317e7859bc42be2ce8bd5f3796c44ad5882a166ac8f97de8fbf1f94,True,305d50d54317e7859bc42be2ce8bd5f3796c44ad5882a166ac8f97de8fbf1f94,305d50d54317e7859bc42be2ce8bd5f3796c44ad5882a166ac8f97de8fbf1f94,305d50d54317e7859bc42be2ce8bd5f3796c44ad5882a166ac8f97de8fbf1f94,plain_text,extracted,3550,parses_ok,FAILED,PASS,True,FAILED,False,True,False,No frozen allowlist rule triggered.,,False,,False,False,True,False,False,equivalent_extraction
qwen3_5_4b__ce115_calc_exact_rational_expression_l1__ab2g__seed_2026072002,ce115_calc_exact_rational_expression_l1,ab2g,2026072002,3f5f75576a558856d8698fb10450139ed621ffa8dcdd23c45c43246fe849fabf,36697,7333c6c4c6cbe3980daef4c1829ab6bd6d822aec1bea16e892912b3c1e6183d8,3f5f75576a558856d8698fb10450139ed621ffa8dcdd23c45c43246fe849fabf,3f5f75576a558856d8698fb10450139ed621ffa8dcdd23c45c43246fe849fabf,True,3f5f75576a558856d8698fb10450139ed621ffa8dcdd23c45c43246fe849fabf,3f5f75576a558856d8698fb10450139ed621ffa8dcdd23c45c43246fe849fabf,3f5f75576a558856d8698fb10450139ed621ffa8dcdd23c45c43246fe849fabf,plain_text,extracted,36697,syntax_error,FAILED,FAIL,True,FAILED,False,True,False,No frozen allowlist rule triggered.,,False,,False,False,True,False,False,normalization_only
qwen3_5_4b__ce115_calc_exact_rational_expression_l1__ab2g__seed_2026072003,ce115_calc_exact_rational_expression_l1,ab2g,2026072003,f7c93ed7f7dd9bd110d5d7769d44d0b2a078e3744bfb3767271b1b847a325651,25472,50c4d0223688fa269e1e1e70da9dcdf8707df45e62713f10b71d44944f36606a,ed8c673479f97240533c3ce64da7c1a0b28803e908a7b375d4c92b93297b2eae,f7c93ed7f7dd9bd110d5d7769d44d0b2a078e3744bfb3767271b1b847a325651,True,ed8c673479f97240533c3ce64da7c1a0b28803e908a7b375d4c92b93297b2eae,ed8c673479f97240533c3ce64da7c1a0b28803e908a7b375d4c92b93297b2eae,ed8c673479f97240533c3ce64da7c1a0b28803e908a7b375d4c92b93297b2eae,fenced_python,extracted,25459,syntax_error,FAILED,FAIL,True,FAILED,False,True,False,No frozen allowlist rule triggered.,,False,,False,False,True,False,False,normalization_only
qwen3_5_4b__ce115_calc_exact_rational_expression_l1__ab2g__seed_2026072004,ce115_calc_exact_rational_expression_l1,ab2g,2026072004,2d414a2f68c9d3b6a4caafbd6437fe39472d72da75559e5f38fb70c4a5034487,76454,85b689ad7850ad0e4ab346ddd1c14a8a1d5515d0c5d76f0ea24981e8879e513a,2d414a2f68c9d3b6a4caafbd6437fe39472d72da75559e5f38fb70c4a5034487,2d414a2f68c9d3b6a4caafbd6437fe39472d72da75559e5f38fb70c4a5034487,True,2d414a2f68c9d3b6a4caafbd6437fe39472d72da75559e5f38fb70c4a5034487,2d414a2f68c9d3b6a4caafbd6437fe39472d72da75559e5f38fb70c4a5034487,2d414a2f68c9d3b6a4caafbd6437fe39472d72da75559e5f38fb70c4a5034487,plain_text,extracted,76454,syntax_error,FAILED,FAIL,True,FAILED,False,True,False,No frozen allowlist rule triggered.,,False,,False,False,True,False,False,normalization_only
qwen3_5_4b__ce115_calc_polynomial_division_l1__ab1__seed_2026071301,ce115_calc_polynomial_division_l1,ab1,2026071301,9a3433d2e12ab901c7a5a2185f5f668486c81ee0f8d44c505778e2468a01b1a4,506,853974960bf7f5291104091797438a9e4452eccef82cc0a1fd272dfe742118df,9a3433d2e12ab901c7a5a2185f5f668486c81ee0f8d44c505778e2468a01b1a4,9a3433d2e12ab901c7a5a2185f5f668486c81ee0f8d44c505778e2468a01b1a4,True,9a3433d2e12ab901c7a5a2185f5f668486c81ee0f8d44c505778e2468a01b1a4,9a3433d2e12ab901c7a5a2185f5f668486c81ee0f8d44c505778e2468a01b1a4,9a3433d2e12ab901c7a5a2185f5f668486c81ee0f8d44c505778e2468a01b1a4,plain_text,extracted,506,parses_ok,FAILED,PASS,True,FAILED,False,True,False,No frozen allowlist rule triggered.,,False,,False,False,True,False,False,equivalent_extraction
qwen3_5_4b__ce115_calc_polynomial_division_l1__ab1__seed_2026072001,ce115_calc_polynomial_division_l1,ab1,2026072001,9a3433d2e12ab901c7a5a2185f5f668486c81ee0f8d44c505778e2468a01b1a4,506,caaee83d63312777d7533e30d936c0b84dcceca3ee5d3e72833535bbf17af10b,9a3433d2e12ab901c7a5a2185f5f668486c81ee0f8d44c505778e2468a01b1a4,9a3433d2e12ab901c7a5a2185f5f668486c81ee0f8d44c505778e2468a01b1a4,True,9a3433d2e12ab901c7a5a2185f5f668486c81ee0f8d44c505778e2468a01b1a4,9a3433d2e12ab901c7a5a2185f5f668486c81ee0f8d44c505778e2468a01b1a4,9a3433d2e12ab901c7a5a2185f5f668486c81ee0f8d44c505778e2468a01b1a4,plain_text,extracted,506,parses_ok,FAILED,PASS,True,FAILED,False,True,False,No frozen allowlist rule triggered.,,False,,False,False,True,False,False,equivalent_extraction
qwen3_5_4b__ce115_calc_polynomial_division_l1__ab1__seed_2026072002,ce115_calc_polynomial_division_l1,ab1,2026072002,f5aedc6a4b0a1c8acf0be543b380aacb0a94cb72a65f550fd5f98d0baf9f806c,500,3dea0fb01dbb716e01f7825b8419d654b0cdf7d35bd022c49fb20a99e71e0803,f5aedc6a4b0a1c8acf0be543b380aacb0a94cb72a65f550fd5f98d0baf9f806c,f5aedc6a4b0a1c8acf0be543b380aacb0a94cb72a65f550fd5f98d0baf9f806c,True,f5aedc6a4b0a1c8acf0be543b380aacb0a94cb72a65f550fd5f98d0baf9f806c,f5aedc6a4b0a1c8acf0be543b380aacb0a94cb72a65f550fd5f98d0baf9f806c,f5aedc6a4b0a1c8acf0be543b380aacb0a94cb72a65f550fd5f98d0baf9f806c,plain_text,extracted,500,parses_ok,FAILED,PASS,True,FAILED,False,True,False,No frozen allowlist rule triggered.,,False,,False,False,True,False,False,equivalent_extraction
qwen3_5_4b__ce115_calc_polynomial_division_l1__ab1__seed_2026072003,ce115_calc_polynomial_division_l1,ab1,2026072003,249670b979a09de98b9fd04d64f50bba877b772e67bca790d9a76fa3cf2a1431,28924,698fc868338e78aea35b4d9d145f98acacf03c3041243a78fbed663403f5b21d,6adedeb6f2039ecef9273927464ee460bcd0167b08981669d5c09b866fb53c37,249670b979a09de98b9fd04d64f50bba877b772e67bca790d9a76fa3cf2a1431,True,6adedeb6f2039ecef9273927464ee460bcd0167b08981669d5c09b866fb53c37,6adedeb6f2039ecef9273927464ee460bcd0167b08981669d5c09b866fb53c37,6adedeb6f2039ecef9273927464ee460bcd0167b08981669d5c09b866fb53c37,fenced_python,extracted,1236,parses_ok,FAILED,FAIL,True,PASSED,True,True,False,No extractable candidate source for frozen healer.,,False,,False,False,True,False,False,status_changing
qwen3_5_4b__ce115_calc_polynomial_division_l1__ab1__seed_2026072004,ce115_calc_polynomial_division_l1,ab1,2026072004,fde53a41c92018ccd66c67d5b215801a43b367f6f443de630e3dec5759f21e65,516,f2f53f79cb115e8e9d4cae612bf9d602e620b3bcb39ea64fb89a2fe24d274843,fde53a41c92018ccd66c67d5b215801a43b367f6f443de630e3dec5759f21e65,fde53a41c92018ccd66c67d5b215801a43b367f6f443de630e3dec5759f21e65,True,fde53a41c92018ccd66c67d5b215801a43b367f6f443de630e3dec5759f21e65,fde53a41c92018ccd66c67d5b215801a43b367f6f443de630e3dec5759f21e65,fde53a41c92018ccd66c67d5b215801a43b367f6f443de630e3dec5759f21e65,plain_text,extracted,516,parses_ok,FAILED,PASS,True,FAILED,False,True,False,No frozen allowlist rule triggered.,,False,,False,False,True,False,False,equivalent_extraction
qwen3_5_4b__ce115_calc_polynomial_division_l1__ab2d__seed_2026071301,ce115_calc_polynomial_division_l1,ab2d,2026071301,2a99b3272f5d7d186f66879483e6b4b19671e4199a2f7ad8cb93bad2d28d8a4f,972,4dacfbfb53918a2de6501c74b4bebde02e41b9a98206c55c4d4e3e7840987817,2a99b3272f5d7d186f66879483e6b4b19671e4199a2f7ad8cb93bad2d28d8a4f,2a99b3272f5d7d186f66879483e6b4b19671e4199a2f7ad8cb93bad2d28d8a4f,True,2a99b3272f5d7d186f66879483e6b4b19671e4199a2f7ad8cb93bad2d28d8a4f,2a99b3272f5d7d186f66879483e6b4b19671e4199a2f7ad8cb93bad2d28d8a4f,2a99b3272f5d7d186f66879483e6b4b19671e4199a2f7ad8cb93bad2d28d8a4f,plain_text,extracted,972,syntax_error,FAILED,FAIL,True,FAILED,False,True,False,No frozen allowlist rule triggered.,,False,,False,False,True,False,False,normalization_only
qwen3_5_4b__ce115_calc_polynomial_division_l1__ab2d__seed_2026072001,ce115_calc_polynomial_division_l1,ab2d,2026072001,dc056d3741427b7ff3541cd74b414d5e5fe4b873f96733893ecafda2a5f38896,935,637ca7d626db27ceaff433c3240387dfd4232c6e06b9b60375d0865b379999f0,dc056d3741427b7ff3541cd74b414d5e5fe4b873f96733893ecafda2a5f38896,dc056d3741427b7ff3541cd74b414d5e5fe4b873f96733893ecafda2a5f38896,True,dc056d3741427b7ff3541cd74b414d5e5fe4b873f96733893ecafda2a5f38896,dc056d3741427b7ff3541cd74b414d5e5fe4b873f96733893ecafda2a5f38896,dc056d3741427b7ff3541cd74b414d5e5fe4b873f96733893ecafda2a5f38896,plain_text,extracted,935,parses_ok,FAILED,PASS,True,FAILED,False,True,False,No frozen allowlist rule triggered.,,False,,False,False,True,False,False,equivalent_extraction
qwen3_5_4b__ce115_calc_polynomial_division_l1__ab2d__seed_2026072002,ce115_calc_polynomial_division_l1,ab2d,2026072002,a64095651786efff9d6a337c0343ea9f54c79081487b16602a34f28aeff5513a,1009,cc9a8bb507488474350119152a446467c779b95cbdd63f818d2f17dbd74895e1,a64095651786efff9d6a337c0343ea9f54c79081487b16602a34f28aeff5513a,a64095651786efff9d6a337c0343ea9f54c79081487b16602a34f28aeff5513a,True,a64095651786efff9d6a337c0343ea9f54c79081487b16602a34f28aeff5513a,a64095651786efff9d6a337c0343ea9f54c79081487b16602a34f28aeff5513a,a64095651786efff9d6a337c0343ea9f54c79081487b16602a34f28aeff5513a,plain_text,extracted,1009,parses_ok,FAILED,PASS,True,FAILED,False,True,False,No frozen allowlist rule triggered.,,False,,False,False,True,False,False,equivalent_extraction
qwen3_5_4b__ce115_calc_polynomial_division_l1__ab2d__seed_2026072003,ce115_calc_polynomial_division_l1,ab2d,2026072003,0c73634c3dc532420a664aa79c09104adb044625f0bbb1264f82d08ee1163ead,2647,74643a1b3271f9401dd6ac3d68e296dab5b2e24d0fd200310e7dab9a423511a5,ea3fa13114561fe5b8963a4534b3f4701ed7bb39e2e63b3dd45bb5e667a957d8,0c73634c3dc532420a664aa79c09104adb044625f0bbb1264f82d08ee1163ead,True,ea3fa13114561fe5b8963a4534b3f4701ed7bb39e2e63b3dd45bb5e667a957d8,ea3fa13114561fe5b8963a4534b3f4701ed7bb39e2e63b3dd45bb5e667a957d8,ea3fa13114561fe5b8963a4534b3f4701ed7bb39e2e63b3dd45bb5e667a957d8,fenced_python,extracted,2634,parses_ok,PASSED,PASS,False,PASSED,False,False,,,,False,,False,False,True,False,False,equivalent_extraction
qwen3_5_4b__ce115_calc_polynomial_division_l1__ab2d__seed_2026072004,ce115_calc_polynomial_division_l1,ab2d,2026072004,5486c6864996bc49900c1f16e9c997740e723485b5f42f6f6eae611c9ee7aa1d,996,85821423b622e8b94269a288794eb863df66e490fe76257193ee4a6c163c53b9,5486c6864996bc49900c1f16e9c997740e723485b5f42f6f6eae611c9ee7aa1d,5486c6864996bc49900c1f16e9c997740e723485b5f42f6f6eae611c9ee7aa1d,True,5486c6864996bc49900c1f16e9c997740e723485b5f42f6f6eae611c9ee7aa1d,5486c6864996bc49900c1f16e9c997740e723485b5f42f6f6eae611c9ee7aa1d,5486c6864996bc49900c1f16e9c997740e723485b5f42f6f6eae611c9ee7aa1d,plain_text,extracted,996,parses_ok,FAILED,PASS,True,FAILED,False,True,False,No frozen allowlist rule triggered.,,False,,False,False,True,False,False,equivalent_extraction
qwen3_5_4b__ce115_calc_polynomial_division_l1__ab2d_spec_v2__seed_2026071301,ce115_calc_polynomial_division_l1,ab2d_spec_v2,2026071301,daf9aff39044fe0dd31be8bb48a144a6d9013bf35870f203c869eef839eef257,9128,ae5381da39748815bcd5a401ff652d74585cef2e4e6e55574c13168a1573c535,a1f2a6af5c24395ea5c24965134b2b3a5d3a6e4b24e8bdd44ffae293f84d0780,daf9aff39044fe0dd31be8bb48a144a6d9013bf35870f203c869eef839eef257,True,a1f2a6af5c24395ea5c24965134b2b3a5d3a6e4b24e8bdd44ffae293f84d0780,a1f2a6af5c24395ea5c24965134b2b3a5d3a6e4b24e8bdd44ffae293f84d0780,a1f2a6af5c24395ea5c24965134b2b3a5d3a6e4b24e8bdd44ffae293f84d0780,fenced_python,extracted,9115,parses_ok,PASSED,PASS,False,PASSED,False,False,,,,False,,False,False,True,False,False,equivalent_extraction
qwen3_5_4b__ce115_calc_polynomial_division_l1__ab2d_spec_v2__seed_2026072001,ce115_calc_polynomial_division_l1,ab2d_spec_v2,2026072001,d03faefe4ab3cc9ad481ab1bdf001c9eb7abef70a81a44c4927f11839e44c027,1735,730782352af3bdbe12d738388ecdb92ba2ddbf35077632f6de6673acd05f485e,64caddb4b2d1e7808d1e78ec991143fcc0471b10da89fa6103aa856251d63f08,d03faefe4ab3cc9ad481ab1bdf001c9eb7abef70a81a44c4927f11839e44c027,True,64caddb4b2d1e7808d1e78ec991143fcc0471b10da89fa6103aa856251d63f08,64caddb4b2d1e7808d1e78ec991143fcc0471b10da89fa6103aa856251d63f08,64caddb4b2d1e7808d1e78ec991143fcc0471b10da89fa6103aa856251d63f08,fenced_python,extracted,1722,parses_ok,PASSED,PASS,False,PASSED,False,False,,,,False,,False,False,True,False,False,equivalent_extraction
qwen3_5_4b__ce115_calc_polynomial_division_l1__ab2d_spec_v2__seed_2026072002,ce115_calc_polynomial_division_l1,ab2d_spec_v2,2026072002,33a2a2d9a0f9e65822b4d7c50c6909f10af3a8574ff0771edd014c15bd17cc84,5790,dca1eb9855d5e22f39123154b3cfa7c62602a42caa15cb53e32a8dd24d7707b8,aa150a29e321ad69666c89ef669e17fc71b497eac98c5b9c2a29d2a035644cd4,33a2a2d9a0f9e65822b4d7c50c6909f10af3a8574ff0771edd014c15bd17cc84,True,aa150a29e321ad69666c89ef669e17fc71b497eac98c5b9c2a29d2a035644cd4,aa150a29e321ad69666c89ef669e17fc71b497eac98c5b9c2a29d2a035644cd4,aa150a29e321ad69666c89ef669e17fc71b497eac98c5b9c2a29d2a035644cd4,fenced_python,extracted,5777,parses_ok,PASSED,PASS,False,PASSED,False,False,,,,False,,False,False,True,False,False,equivalent_extraction
qwen3_5_4b__ce115_calc_polynomial_division_l1__ab2d_spec_v2__seed_2026072003,ce115_calc_polynomial_division_l1,ab2d_spec_v2,2026072003,7cbff12b240f52075fc43b1f8213e1f363e7820894fae80a4bff8d3fb85b7286,2071,c76a8522739052b082b708e4a9d7256eb8d0b2c45fb89e00d741d6fad02248b0,61392dca8a69aca2f4a6a57087b3a6f8a94861c4ea27ec6a341010cfebab0203,7cbff12b240f52075fc43b1f8213e1f363e7820894fae80a4bff8d3fb85b7286,True,61392dca8a69aca2f4a6a57087b3a6f8a94861c4ea27ec6a341010cfebab0203,61392dca8a69aca2f4a6a57087b3a6f8a94861c4ea27ec6a341010cfebab0203,61392dca8a69aca2f4a6a57087b3a6f8a94861c4ea27ec6a341010cfebab0203,fenced_python,extracted,2058,parses_ok,FAILED,PASS,True,FAILED,False,True,False,No frozen allowlist rule triggered.,,False,,False,False,True,False,False,equivalent_extraction
qwen3_5_4b__ce115_calc_polynomial_division_l1__ab2d_spec_v2__seed_2026072004,ce115_calc_polynomial_division_l1,ab2d_spec_v2,2026072004,45c392058dc45cc2cecae83d17c483769e0e670762da331e13141749f49c6878,6870,cd3d1e3d1fa5964610d3be53bf04797bf6a2e2828c309ab79d93e3f25f8143bd,56f485741ee18fc99511e418ad56f50e7cdeb7080a3c88370ab56b1fc385f290,45c392058dc45cc2cecae83d17c483769e0e670762da331e13141749f49c6878,True,56f485741ee18fc99511e418ad56f50e7cdeb7080a3c88370ab56b1fc385f290,56f485741ee18fc99511e418ad56f50e7cdeb7080a3c88370ab56b1fc385f290,56f485741ee18fc99511e418ad56f50e7cdeb7080a3c88370ab56b1fc385f290,fenced_python,extracted,6857,parses_ok,PASSED,PASS,False,PASSED,False,False,,,,False,,False,False,True,False,False,equivalent_extraction
qwen3_5_4b__ce115_calc_polynomial_division_l1__ab2g__seed_2026071301,ce115_calc_polynomial_division_l1,ab2g,2026071301,2d62053b8986f5e15637fa8949bfadddb091c7ea57dc4426734aa73ebe65fbd5,26799,f97ea776565f81c6e372ee14027f4a395b6ec9aacf1e63e9336beaac67f0553b,2d62053b8986f5e15637fa8949bfadddb091c7ea57dc4426734aa73ebe65fbd5,2d62053b8986f5e15637fa8949bfadddb091c7ea57dc4426734aa73ebe65fbd5,True,2d62053b8986f5e15637fa8949bfadddb091c7ea57dc4426734aa73ebe65fbd5,2d62053b8986f5e15637fa8949bfadddb091c7ea57dc4426734aa73ebe65fbd5,2d62053b8986f5e15637fa8949bfadddb091c7ea57dc4426734aa73ebe65fbd5,plain_text,extracted,26799,syntax_error,FAILED,FAIL,True,FAILED,False,True,False,No frozen allowlist rule triggered.,,False,,False,False,True,False,False,normalization_only
qwen3_5_4b__ce115_calc_polynomial_division_l1__ab2g__seed_2026072001,ce115_calc_polynomial_division_l1,ab2g,2026072001,7b3470aae91f0387496342fbd30e7462a036c7cdf0c6168479f6d58851a0b2d3,2137,75b3052a6b2fc14c34043c7a059adc36448c11de7c0bb33ce5af9ac8beee002b,7b3470aae91f0387496342fbd30e7462a036c7cdf0c6168479f6d58851a0b2d3,7b3470aae91f0387496342fbd30e7462a036c7cdf0c6168479f6d58851a0b2d3,True,7b3470aae91f0387496342fbd30e7462a036c7cdf0c6168479f6d58851a0b2d3,7b3470aae91f0387496342fbd30e7462a036c7cdf0c6168479f6d58851a0b2d3,7b3470aae91f0387496342fbd30e7462a036c7cdf0c6168479f6d58851a0b2d3,plain_text,extracted,2137,syntax_error,FAILED,FAIL,True,FAILED,False,True,False,No frozen allowlist rule triggered.,,False,,False,False,True,False,False,normalization_only
qwen3_5_4b__ce115_calc_polynomial_division_l1__ab2g__seed_2026072002,ce115_calc_polynomial_division_l1,ab2g,2026072002,01c582b526a0717f2e9f6ec58702874f11c39a30a066aa4681b6128a9f1a7f9f,7151,258fc31c88315ac3b2c7574c1b699df0fd6334826d6b1730c002475aa62e050f,01c582b526a0717f2e9f6ec58702874f11c39a30a066aa4681b6128a9f1a7f9f,01c582b526a0717f2e9f6ec58702874f11c39a30a066aa4681b6128a9f1a7f9f,True,01c582b526a0717f2e9f6ec58702874f11c39a30a066aa4681b6128a9f1a7f9f,01c582b526a0717f2e9f6ec58702874f11c39a30a066aa4681b6128a9f1a7f9f,01c582b526a0717f2e9f6ec58702874f11c39a30a066aa4681b6128a9f1a7f9f,plain_text,extracted,7151,parses_ok,PASSED,PASS,False,PASSED,False,False,,,,False,,False,False,True,False,False,equivalent_extraction
qwen3_5_4b__ce115_calc_polynomial_division_l1__ab2g__seed_2026072003,ce115_calc_polynomial_division_l1,ab2g,2026072003,d32eed262d4eec2929f8a10aeb3a06cdfeee51f5679a1237e9d2bec0605d6241,19167,74659afb394c8c9fe397dddbdf1b135934af23c150d886e1c583b26987b3c984,d32eed262d4eec2929f8a10aeb3a06cdfeee51f5679a1237e9d2bec0605d6241,d32eed262d4eec2929f8a10aeb3a06cdfeee51f5679a1237e9d2bec0605d6241,True,d32eed262d4eec2929f8a10aeb3a06cdfeee51f5679a1237e9d2bec0605d6241,d32eed262d4eec2929f8a10aeb3a06cdfeee51f5679a1237e9d2bec0605d6241,d32eed262d4eec2929f8a10aeb3a06cdfeee51f5679a1237e9d2bec0605d6241,plain_text,extracted,19167,syntax_error,FAILED,FAIL,True,FAILED,False,True,False,No extractable candidate source for frozen healer.,,False,,False,False,True,False,False,normalization_only
qwen3_5_4b__ce115_calc_polynomial_division_l1__ab2g__seed_2026072004,ce115_calc_polynomial_division_l1,ab2g,2026072004,0685c6796b69ec84b0f43f3d3d443f6039e45764c381e9b16ae7da2b80b5e847,935,246f2b46a995c8d60123abacf13228347d1b8edc5ae9e58128f3d3182d93114d,0685c6796b69ec84b0f43f3d3d443f6039e45764c381e9b16ae7da2b80b5e847,0685c6796b69ec84b0f43f3d3d443f6039e45764c381e9b16ae7da2b80b5e847,True,0685c6796b69ec84b0f43f3d3d443f6039e45764c381e9b16ae7da2b80b5e847,0685c6796b69ec84b0f43f3d3d443f6039e45764c381e9b16ae7da2b80b5e847,0685c6796b69ec84b0f43f3d3d443f6039e45764c381e9b16ae7da2b80b5e847,plain_text,extracted,935,parses_ok,FAILED,PASS,True,FAILED,False,True,False,No frozen allowlist rule triggered.,,False,,False,False,True,False,False,equivalent_extraction
qwen3_5_4b__ce115_calc_polynomial_factor_roots_l1__ab1__seed_2026071301,ce115_calc_polynomial_factor_roots_l1,ab1,2026071301,fd6d82cd95a8d68f5d491c13fc0d9cac621a55f75e5ba7c8bb48845253854d0a,2075,38ccc7b53afdd89bdd4f9f5d82c31efde4a2d2891da3ee5d12639035eab1e5c3,fd6d82cd95a8d68f5d491c13fc0d9cac621a55f75e5ba7c8bb48845253854d0a,fd6d82cd95a8d68f5d491c13fc0d9cac621a55f75e5ba7c8bb48845253854d0a,True,fd6d82cd95a8d68f5d491c13fc0d9cac621a55f75e5ba7c8bb48845253854d0a,fd6d82cd95a8d68f5d491c13fc0d9cac621a55f75e5ba7c8bb48845253854d0a,fd6d82cd95a8d68f5d491c13fc0d9cac621a55f75e5ba7c8bb48845253854d0a,plain_text,extracted,2075,syntax_error,FAILED,FAIL,True,FAILED,False,True,False,No frozen allowlist rule triggered.,,False,,False,False,True,False,False,normalization_only
qwen3_5_4b__ce115_calc_polynomial_factor_roots_l1__ab1__seed_2026072001,ce115_calc_polynomial_factor_roots_l1,ab1,2026072001,ad6ea3d8ae38fcf3d87b61514ad2c4ebdb995123f887cf8579082af748a0d120,1128,6917fd4923f259e4e5ce508fbbe70a1673802a61143ff0ba1b853dd0547a2064,ad6ea3d8ae38fcf3d87b61514ad2c4ebdb995123f887cf8579082af748a0d120,ad6ea3d8ae38fcf3d87b61514ad2c4ebdb995123f887cf8579082af748a0d120,True,ad6ea3d8ae38fcf3d87b61514ad2c4ebdb995123f887cf8579082af748a0d120,ad6ea3d8ae38fcf3d87b61514ad2c4ebdb995123f887cf8579082af748a0d120,ad6ea3d8ae38fcf3d87b61514ad2c4ebdb995123f887cf8579082af748a0d120,plain_text,extracted,1128,parses_ok,FAILED,PASS,True,FAILED,False,True,False,No frozen allowlist rule triggered.,,False,,False,False,True,False,False,equivalent_extraction
qwen3_5_4b__ce115_calc_polynomial_factor_roots_l1__ab1__seed_2026072002,ce115_calc_polynomial_factor_roots_l1,ab1,2026072002,23e10261a6a72cbbfad7c300b160e3b5e8bfd15f0c89df1b8f7932592b678ffc,2102,72482d09e67f6ca09073a9b119cb6a7f3d0746a6cd9ece00a4398fcc128b5f60,23e10261a6a72cbbfad7c300b160e3b5e8bfd15f0c89df1b8f7932592b678ffc,23e10261a6a72cbbfad7c300b160e3b5e8bfd15f0c89df1b8f7932592b678ffc,True,23e10261a6a72cbbfad7c300b160e3b5e8bfd15f0c89df1b8f7932592b678ffc,23e10261a6a72cbbfad7c300b160e3b5e8bfd15f0c89df1b8f7932592b678ffc,23e10261a6a72cbbfad7c300b160e3b5e8bfd15f0c89df1b8f7932592b678ffc,plain_text,extracted,2102,syntax_error,FAILED,FAIL,True,FAILED,False,True,False,No frozen allowlist rule triggered.,,False,,False,False,True,False,False,normalization_only
qwen3_5_4b__ce115_calc_polynomial_factor_roots_l1__ab1__seed_2026072003,ce115_calc_polynomial_factor_roots_l1,ab1,2026072003,f73bd59871c989198ce1e0df2946c2b75957aad3d8e0baad507fbbba845ab141,1636,2e8d9f23e861e4aec8227104e0fe0f8c1fb9d3af3c72716cc3a30bbe0c60b0b2,f73bd59871c989198ce1e0df2946c2b75957aad3d8e0baad507fbbba845ab141,f73bd59871c989198ce1e0df2946c2b75957aad3d8e0baad507fbbba845ab141,True,f73bd59871c989198ce1e0df2946c2b75957aad3d8e0baad507fbbba845ab141,f73bd59871c989198ce1e0df2946c2b75957aad3d8e0baad507fbbba845ab141,f73bd59871c989198ce1e0df2946c2b75957aad3d8e0baad507fbbba845ab141,plain_text,extracted,1636,parses_ok,PASSED,PASS,False,PASSED,False,False,,,,False,,False,False,True,False,False,equivalent_extraction
qwen3_5_4b__ce115_calc_polynomial_factor_roots_l1__ab1__seed_2026072004,ce115_calc_polynomial_factor_roots_l1,ab1,2026072004,53df049b40679ebbdac01b1233f25b15d9f309417c6466b09bc83a5c7f987221,2120,9247600c03b2e4aa5b3cfd9331c2cca82d6a61ea39b5e3daa0cc2c0d00701088,53df049b40679ebbdac01b1233f25b15d9f309417c6466b09bc83a5c7f987221,53df049b40679ebbdac01b1233f25b15d9f309417c6466b09bc83a5c7f987221,True,53df049b40679ebbdac01b1233f25b15d9f309417c6466b09bc83a5c7f987221,53df049b40679ebbdac01b1233f25b15d9f309417c6466b09bc83a5c7f987221,53df049b40679ebbdac01b1233f25b15d9f309417c6466b09bc83a5c7f987221,plain_text,extracted,2120,parses_ok,FAILED,PASS,True,FAILED,False,True,False,No frozen allowlist rule triggered.,,False,,False,False,True,False,False,equivalent_extraction
qwen3_5_4b__ce115_calc_polynomial_factor_roots_l1__ab2d__seed_2026071301,ce115_calc_polynomial_factor_roots_l1,ab2d,2026071301,5f8bd3cb59ef546a3039f2d4697aa3e584d2674f26e5511ed03f6a44440aafd8,7113,d8936d559093094b7e06b75ee5ecb2162334b59f93eac52a05e44ed23a8341d0,940dd6191f7a1230e97e1cb6d878dd9a9a0d3ed4329a0c87464e32ee9ab22727,5f8bd3cb59ef546a3039f2d4697aa3e584d2674f26e5511ed03f6a44440aafd8,True,940dd6191f7a1230e97e1cb6d878dd9a9a0d3ed4329a0c87464e32ee9ab22727,940dd6191f7a1230e97e1cb6d878dd9a9a0d3ed4329a0c87464e32ee9ab22727,940dd6191f7a1230e97e1cb6d878dd9a9a0d3ed4329a0c87464e32ee9ab22727,fenced_python,extracted,7100,syntax_error,FAILED,FAIL,True,FAILED,False,True,False,No frozen allowlist rule triggered.,,False,,False,False,True,False,False,normalization_only
qwen3_5_4b__ce115_calc_polynomial_factor_roots_l1__ab2d__seed_2026072001,ce115_calc_polynomial_factor_roots_l1,ab2d,2026072001,1a814306333f59551b57bcf4b9bb2649c5d16ffeab33038b5eb3e783aabe13cd,4915,c8a08689ad52ae73d258f91d88dc9e9e0db29506a071e54a630cc70fef57b8b4,1a814306333f59551b57bcf4b9bb2649c5d16ffeab33038b5eb3e783aabe13cd,1a814306333f59551b57bcf4b9bb2649c5d16ffeab33038b5eb3e783aabe13cd,True,1a814306333f59551b57bcf4b9bb2649c5d16ffeab33038b5eb3e783aabe13cd,1a814306333f59551b57bcf4b9bb2649c5d16ffeab33038b5eb3e783aabe13cd,1a814306333f59551b57bcf4b9bb2649c5d16ffeab33038b5eb3e783aabe13cd,plain_text,extracted,4915,syntax_error,FAILED,FAIL,True,FAILED,False,True,False,No frozen allowlist rule triggered.,,False,,False,False,True,False,False,normalization_only
qwen3_5_4b__ce115_calc_polynomial_factor_roots_l1__ab2d__seed_2026072002,ce115_calc_polynomial_factor_roots_l1,ab2d,2026072002,ddb95f3223a2c716a95cb74a55f3f0708fec2d68a3d7dbf907d3d6fa1f5bfffc,4295,e4de2101db3b0888c9807bbe7bcee777d485ac39a07b86ff520415e5b2d518a8,402957a3f830fe46437d2cd1fff1222abc13e9d7da1b5c1d5214b670dafdc9b3,ddb95f3223a2c716a95cb74a55f3f0708fec2d68a3d7dbf907d3d6fa1f5bfffc,True,402957a3f830fe46437d2cd1fff1222abc13e9d7da1b5c1d5214b670dafdc9b3,402957a3f830fe46437d2cd1fff1222abc13e9d7da1b5c1d5214b670dafdc9b3,402957a3f830fe46437d2cd1fff1222abc13e9d7da1b5c1d5214b670dafdc9b3,fenced_python,extracted,4282,syntax_error,FAILED,FAIL,True,FAILED,False,True,False,No frozen allowlist rule triggered.,,False,,False,False,True,False,False,normalization_only
qwen3_5_4b__ce115_calc_polynomial_factor_roots_l1__ab2d__seed_2026072003,ce115_calc_polynomial_factor_roots_l1,ab2d,2026072003,2befa3b26cd8f044fc92a0f33ee590d6837f4ebec7ade582f60815299f1ffcae,10328,e8a7de95d4d949a99aab3526032f2407cb9c3a73194212c8d3f2d97905927737,2befa3b26cd8f044fc92a0f33ee590d6837f4ebec7ade582f60815299f1ffcae,2befa3b26cd8f044fc92a0f33ee590d6837f4ebec7ade582f60815299f1ffcae,True,2befa3b26cd8f044fc92a0f33ee590d6837f4ebec7ade582f60815299f1ffcae,2befa3b26cd8f044fc92a0f33ee590d6837f4ebec7ade582f60815299f1ffcae,2befa3b26cd8f044fc92a0f33ee590d6837f4ebec7ade582f60815299f1ffcae,plain_text,extracted,10328,syntax_error,FAILED,FAIL,True,FAILED,False,True,False,No frozen allowlist rule triggered.,,False,,False,False,True,False,False,normalization_only
qwen3_5_4b__ce115_calc_polynomial_factor_roots_l1__ab2d__seed_2026072004,ce115_calc_polynomial_factor_roots_l1,ab2d,2026072004,7be9d5b93c693f6030305f175033bababfce355874e6e556997f92190d1ddd18,5773,799a7d9ac117a678bf357069960144b5d20c72474c18a88b2220053a104d6272,3eab2a26f4cf448314372fa555699adadb5603458a80bc9121d174bbfe3599fd,7be9d5b93c693f6030305f175033bababfce355874e6e556997f92190d1ddd18,True,3eab2a26f4cf448314372fa555699adadb5603458a80bc9121d174bbfe3599fd,3eab2a26f4cf448314372fa555699adadb5603458a80bc9121d174bbfe3599fd,3eab2a26f4cf448314372fa555699adadb5603458a80bc9121d174bbfe3599fd,fenced_python,extracted,5760,syntax_error,FAILED,FAIL,True,FAILED,False,True,False,No frozen allowlist rule triggered.,,False,,False,False,True,False,False,normalization_only
qwen3_5_4b__ce115_calc_polynomial_factor_roots_l1__ab2d_spec_v2__seed_2026071301,ce115_calc_polynomial_factor_roots_l1,ab2d_spec_v2,2026071301,7f63c7e53859ed4cea0daffbf1831b27cc0207761d6802ca95c8d7fe8a2acc68,4261,f003d595a8c2c808d85ae20193a65964c0747cdb7a2ee8b159cad0132944b446,cb73152b4785fb04e998ca7fd7280f486fe0e67b66b3bbe2d00d552b627eeef2,7f63c7e53859ed4cea0daffbf1831b27cc0207761d6802ca95c8d7fe8a2acc68,True,cb73152b4785fb04e998ca7fd7280f486fe0e67b66b3bbe2d00d552b627eeef2,cb73152b4785fb04e998ca7fd7280f486fe0e67b66b3bbe2d00d552b627eeef2,cb73152b4785fb04e998ca7fd7280f486fe0e67b66b3bbe2d00d552b627eeef2,fenced_python,extracted,4248,parses_ok,FAILED,PASS,True,FAILED,False,True,False,No frozen allowlist rule triggered.,,False,,False,False,True,False,False,equivalent_extraction
qwen3_5_4b__ce115_calc_polynomial_factor_roots_l1__ab2d_spec_v2__seed_2026072001,ce115_calc_polynomial_factor_roots_l1,ab2d_spec_v2,2026072001,28dedeb3708a1038a935cbd97e04016c4118cabdcd777859d2a85d33da1c3092,6762,59431918c8b8bb86ac4b67a90ec327a45c3c63e928b7ef0b0a15840dfaa5c108,a2bbb9e1cc1e0e34840d51240203a20259e3fc50c25dae0f4f141209effbdba0,28dedeb3708a1038a935cbd97e04016c4118cabdcd777859d2a85d33da1c3092,True,a2bbb9e1cc1e0e34840d51240203a20259e3fc50c25dae0f4f141209effbdba0,a2bbb9e1cc1e0e34840d51240203a20259e3fc50c25dae0f4f141209effbdba0,a2bbb9e1cc1e0e34840d51240203a20259e3fc50c25dae0f4f141209effbdba0,fenced_python,extracted,4768,syntax_error,FAILED,FAIL,True,FAILED,False,True,False,No extractable candidate source for frozen healer.,,False,,False,False,True,False,False,normalization_only
qwen3_5_4b__ce115_calc_polynomial_factor_roots_l1__ab2d_spec_v2__seed_2026072002,ce115_calc_polynomial_factor_roots_l1,ab2d_spec_v2,2026072002,0c46a819c85d509f2093c9a9899d2231f33ac3d5d451327f81c069f91407abce,7928,b8d89633c36bd7f70a0ee8c6cda1c92ae919cd264658e357c0f521138ef57454,8ae57896b14578562b749890aea5dfad7430b070d6d7a3fbcb80badbdf699721,0c46a819c85d509f2093c9a9899d2231f33ac3d5d451327f81c069f91407abce,True,8ae57896b14578562b749890aea5dfad7430b070d6d7a3fbcb80badbdf699721,8ae57896b14578562b749890aea5dfad7430b070d6d7a3fbcb80badbdf699721,a42ff9c455e86e213a90545a6eb03045055f479e3bd57b9a5bb494c5c98abc17,fenced_python,extracted,7915,syntax_error,FAILED,FAIL,True,FAILED,False,True,True,Frozen precondition symptom matched: L1_PROSE_RESIDUE_NARROW,L1_PROSE_RESIDUE_NARROW,True,L1_PROSE_RESIDUE_NARROW,True,True,True,False,False,normalization_only
qwen3_5_4b__ce115_calc_polynomial_factor_roots_l1__ab2d_spec_v2__seed_2026072003,ce115_calc_polynomial_factor_roots_l1,ab2d_spec_v2,2026072003,8e88cf1497d6f72da31b1d6d16bfb53d56bdb18ecbd3b3ef66d914653930ef71,2776,86dfc57e68ada22d9a6732473e2a1e9077d8b97f6d765e7ab5709cb13e87c38d,8e88cf1497d6f72da31b1d6d16bfb53d56bdb18ecbd3b3ef66d914653930ef71,8e88cf1497d6f72da31b1d6d16bfb53d56bdb18ecbd3b3ef66d914653930ef71,True,8e88cf1497d6f72da31b1d6d16bfb53d56bdb18ecbd3b3ef66d914653930ef71,8e88cf1497d6f72da31b1d6d16bfb53d56bdb18ecbd3b3ef66d914653930ef71,8e88cf1497d6f72da31b1d6d16bfb53d56bdb18ecbd3b3ef66d914653930ef71,plain_text,extracted,2776,syntax_error,FAILED,FAIL,True,FAILED,False,True,False,No frozen allowlist rule triggered.,,False,,False,False,True,False,False,normalization_only
qwen3_5_4b__ce115_calc_polynomial_factor_roots_l1__ab2d_spec_v2__seed_2026072004,ce115_calc_polynomial_factor_roots_l1,ab2d_spec_v2,2026072004,cf13278d6324c7456affc3208a3fa18f9bf18febefd37e72cd5c59e37a7f4a90,1973,625214b3a41a4b6c761b23a3e0da9e05036f3621e7a84d9c98afbb3baa750c8d,2a2b2454e1bca7bc668eb0d55d6e96cfbec598e46684356bff863d85ac6c7d8a,cf13278d6324c7456affc3208a3fa18f9bf18febefd37e72cd5c59e37a7f4a90,True,2a2b2454e1bca7bc668eb0d55d6e96cfbec598e46684356bff863d85ac6c7d8a,2a2b2454e1bca7bc668eb0d55d6e96cfbec598e46684356bff863d85ac6c7d8a,2a2b2454e1bca7bc668eb0d55d6e96cfbec598e46684356bff863d85ac6c7d8a,fenced_python,extracted,1960,syntax_error,FAILED,FAIL,True,FAILED,False,True,False,No frozen allowlist rule triggered.,,False,,False,False,True,False,False,normalization_only
qwen3_5_4b__ce115_calc_polynomial_factor_roots_l1__ab2g__seed_2026071301,ce115_calc_polynomial_factor_roots_l1,ab2g,2026071301,fc1943972a21e02dc2e5bcca31552fb7bdf579c174794c4d3dddb505e5f160b9,769,e96f96738bc92ee1b1b3b4b10b9e75b43ae9e13c3dfcc6b65c72c6d3fb9ce4ea,fc1943972a21e02dc2e5bcca31552fb7bdf579c174794c4d3dddb505e5f160b9,fc1943972a21e02dc2e5bcca31552fb7bdf579c174794c4d3dddb505e5f160b9,True,fc1943972a21e02dc2e5bcca31552fb7bdf579c174794c4d3dddb505e5f160b9,fc1943972a21e02dc2e5bcca31552fb7bdf579c174794c4d3dddb505e5f160b9,fc1943972a21e02dc2e5bcca31552fb7bdf579c174794c4d3dddb505e5f160b9,plain_text,extracted,769,parses_ok,PASSED,PASS,False,PASSED,False,False,,,,False,,False,False,True,False,False,equivalent_extraction
qwen3_5_4b__ce115_calc_polynomial_factor_roots_l1__ab2g__seed_2026072001,ce115_calc_polynomial_factor_roots_l1,ab2g,2026072001,6ea03e1ef3b49a2c140fac10a0b9dfb37e9fdaa1139202f496989603c46316c1,814,0affa1faab74b4922e1a9a02e11ddfc67666247a72fa9a9999713881f40d1621,6ea03e1ef3b49a2c140fac10a0b9dfb37e9fdaa1139202f496989603c46316c1,6ea03e1ef3b49a2c140fac10a0b9dfb37e9fdaa1139202f496989603c46316c1,True,6ea03e1ef3b49a2c140fac10a0b9dfb37e9fdaa1139202f496989603c46316c1,6ea03e1ef3b49a2c140fac10a0b9dfb37e9fdaa1139202f496989603c46316c1,6ea03e1ef3b49a2c140fac10a0b9dfb37e9fdaa1139202f496989603c46316c1,plain_text,extracted,814,parses_ok,FAILED,PASS,True,FAILED,False,True,False,No frozen allowlist rule triggered.,,False,,False,False,True,False,False,equivalent_extraction
qwen3_5_4b__ce115_calc_polynomial_factor_roots_l1__ab2g__seed_2026072002,ce115_calc_polynomial_factor_roots_l1,ab2g,2026072002,8019dd7d3ddf65d9b4e78646d765ad4e9fa33d8b571dda6f31c342212b27ec97,3521,8d4ba8019494b61c2290e30bba5bd0230f7cc535867010a848873423f9cc27a6,8019dd7d3ddf65d9b4e78646d765ad4e9fa33d8b571dda6f31c342212b27ec97,8019dd7d3ddf65d9b4e78646d765ad4e9fa33d8b571dda6f31c342212b27ec97,True,8019dd7d3ddf65d9b4e78646d765ad4e9fa33d8b571dda6f31c342212b27ec97,8019dd7d3ddf65d9b4e78646d765ad4e9fa33d8b571dda6f31c342212b27ec97,8019dd7d3ddf65d9b4e78646d765ad4e9fa33d8b571dda6f31c342212b27ec97,plain_text,extracted,3521,parses_ok,FAILED,PASS,True,FAILED,False,True,False,No frozen allowlist rule triggered.,,False,,False,False,True,False,False,equivalent_extraction
qwen3_5_4b__ce115_calc_polynomial_factor_roots_l1__ab2g__seed_2026072003,ce115_calc_polynomial_factor_roots_l1,ab2g,2026072003,a478f1e5cf5c300cf99050e2d7cbbd9900b7b42cc0cdf79132fec684776a0a71,2833,9b74ebad8585747167e00026e4ad5560dbdef023ab80e1ef2ad856355a3426bb,a478f1e5cf5c300cf99050e2d7cbbd9900b7b42cc0cdf79132fec684776a0a71,a478f1e5cf5c300cf99050e2d7cbbd9900b7b42cc0cdf79132fec684776a0a71,True,a478f1e5cf5c300cf99050e2d7cbbd9900b7b42cc0cdf79132fec684776a0a71,a478f1e5cf5c300cf99050e2d7cbbd9900b7b42cc0cdf79132fec684776a0a71,a478f1e5cf5c300cf99050e2d7cbbd9900b7b42cc0cdf79132fec684776a0a71,plain_text,extracted,2833,parses_ok,PASSED,PASS,False,PASSED,False,False,,,,False,,False,False,True,False,False,equivalent_extraction
qwen3_5_4b__ce115_calc_polynomial_factor_roots_l1__ab2g__seed_2026072004,ce115_calc_polynomial_factor_roots_l1,ab2g,2026072004,fb619a6915b50bfe06751cf6299cd0c581fcefa0d13911578e6a4236f699b8da,922,b12927af01c8788eb0d38cf8212be0b11472b9966ee0db28aa88a5e99b9a4708,fb619a6915b50bfe06751cf6299cd0c581fcefa0d13911578e6a4236f699b8da,fb619a6915b50bfe06751cf6299cd0c581fcefa0d13911578e6a4236f699b8da,True,fb619a6915b50bfe06751cf6299cd0c581fcefa0d13911578e6a4236f699b8da,fb619a6915b50bfe06751cf6299cd0c581fcefa0d13911578e6a4236f699b8da,fb619a6915b50bfe06751cf6299cd0c581fcefa0d13911578e6a4236f699b8da,plain_text,extracted,922,parses_ok,FAILED,PASS,True,FAILED,False,True,False,No frozen allowlist rule triggered.,,False,,False,False,True,False,False,equivalent_extraction
qwen3_5_4b__ce115_calc_radical_simplification_l1__ab1__seed_2026071301,ce115_calc_radical_simplification_l1,ab1,2026071301,c90af5af079fef78c089ee00e22f2ea30c15f1dd533dae65bc54dd3305ee1652,273,03a802fd6a0ea6f37ba485f6f0ae3426203fcae90b0727b4a47b4f6c6c3ea211,c90af5af079fef78c089ee00e22f2ea30c15f1dd533dae65bc54dd3305ee1652,c90af5af079fef78c089ee00e22f2ea30c15f1dd533dae65bc54dd3305ee1652,True,c90af5af079fef78c089ee00e22f2ea30c15f1dd533dae65bc54dd3305ee1652,c90af5af079fef78c089ee00e22f2ea30c15f1dd533dae65bc54dd3305ee1652,c90af5af079fef78c089ee00e22f2ea30c15f1dd533dae65bc54dd3305ee1652,plain_text,extracted,273,parses_ok,PASSED,PASS,False,PASSED,False,False,,,,False,,False,False,True,False,False,equivalent_extraction
qwen3_5_4b__ce115_calc_radical_simplification_l1__ab1__seed_2026072001,ce115_calc_radical_simplification_l1,ab1,2026072001,c90af5af079fef78c089ee00e22f2ea30c15f1dd533dae65bc54dd3305ee1652,273,95a5b29104c70faa3015f51e1d3532379c50fadf53d8fa514e5a97a06b5736db,c90af5af079fef78c089ee00e22f2ea30c15f1dd533dae65bc54dd3305ee1652,c90af5af079fef78c089ee00e22f2ea30c15f1dd533dae65bc54dd3305ee1652,True,c90af5af079fef78c089ee00e22f2ea30c15f1dd533dae65bc54dd3305ee1652,c90af5af079fef78c089ee00e22f2ea30c15f1dd533dae65bc54dd3305ee1652,c90af5af079fef78c089ee00e22f2ea30c15f1dd533dae65bc54dd3305ee1652,plain_text,extracted,273,parses_ok,PASSED,PASS,False,PASSED,False,False,,,,False,,False,False,True,False,False,equivalent_extraction
qwen3_5_4b__ce115_calc_radical_simplification_l1__ab1__seed_2026072002,ce115_calc_radical_simplification_l1,ab1,2026072002,78acbb161732a3dc08f9cafa6fd350ffcbe5967b706e89c7f53289f63ca855a2,266,1dc907e08bfa1e1a202ce09a005015006f764895695fec4f4da9a39a9587fdc7,78acbb161732a3dc08f9cafa6fd350ffcbe5967b706e89c7f53289f63ca855a2,78acbb161732a3dc08f9cafa6fd350ffcbe5967b706e89c7f53289f63ca855a2,True,78acbb161732a3dc08f9cafa6fd350ffcbe5967b706e89c7f53289f63ca855a2,78acbb161732a3dc08f9cafa6fd350ffcbe5967b706e89c7f53289f63ca855a2,78acbb161732a3dc08f9cafa6fd350ffcbe5967b706e89c7f53289f63ca855a2,plain_text,extracted,266,parses_ok,PASSED,PASS,False,PASSED,False,False,,,,False,,False,False,True,False,False,equivalent_extraction
qwen3_5_4b__ce115_calc_radical_simplification_l1__ab1__seed_2026072003,ce115_calc_radical_simplification_l1,ab1,2026072003,0e3f38d6757160cbed29a2864b447f3be01923b03c43f8395a9997ae1228c1f5,231,5c24e6e93494c104b84cb05466ccac8873e991988dded0661139458147138ad8,0e3f38d6757160cbed29a2864b447f3be01923b03c43f8395a9997ae1228c1f5,0e3f38d6757160cbed29a2864b447f3be01923b03c43f8395a9997ae1228c1f5,True,0e3f38d6757160cbed29a2864b447f3be01923b03c43f8395a9997ae1228c1f5,0e3f38d6757160cbed29a2864b447f3be01923b03c43f8395a9997ae1228c1f5,0e3f38d6757160cbed29a2864b447f3be01923b03c43f8395a9997ae1228c1f5,plain_text,extracted,231,parses_ok,PASSED,PASS,False,PASSED,False,False,,,,False,,False,False,True,False,False,equivalent_extraction
qwen3_5_4b__ce115_calc_radical_simplification_l1__ab1__seed_2026072004,ce115_calc_radical_simplification_l1,ab1,2026072004,1cc9d66dfde4f7ea8d7e8ef0bfeaae1f411bac167854e6b3dd28ff9d0c9ea347,367,f182f3be3910de219c39cb2e41a846543bcdce4c8c478e0bceea12594b951821,1cc9d66dfde4f7ea8d7e8ef0bfeaae1f411bac167854e6b3dd28ff9d0c9ea347,1cc9d66dfde4f7ea8d7e8ef0bfeaae1f411bac167854e6b3dd28ff9d0c9ea347,True,1cc9d66dfde4f7ea8d7e8ef0bfeaae1f411bac167854e6b3dd28ff9d0c9ea347,1cc9d66dfde4f7ea8d7e8ef0bfeaae1f411bac167854e6b3dd28ff9d0c9ea347,1cc9d66dfde4f7ea8d7e8ef0bfeaae1f411bac167854e6b3dd28ff9d0c9ea347,plain_text,extracted,367,parses_ok,PASSED,PASS,False,PASSED,False,False,,,,False,,False,False,True,False,False,equivalent_extraction
qwen3_5_4b__ce115_calc_radical_simplification_l1__ab2d__seed_2026071301,ce115_calc_radical_simplification_l1,ab2d,2026071301,c74c03157866c1b595bf9dfdaffcdb351de06215e6dd08aa465bf14f2ae95c1d,795,b165ca4d2197bbb9c734d124416030420ac89ef2879aeaf864d961750878182f,c74c03157866c1b595bf9dfdaffcdb351de06215e6dd08aa465bf14f2ae95c1d,c74c03157866c1b595bf9dfdaffcdb351de06215e6dd08aa465bf14f2ae95c1d,True,c74c03157866c1b595bf9dfdaffcdb351de06215e6dd08aa465bf14f2ae95c1d,c74c03157866c1b595bf9dfdaffcdb351de06215e6dd08aa465bf14f2ae95c1d,ac6299da36256125e27fc76c71bb76ff1ef1b31939f71e72fc22df1f4b092aaf,plain_text,extracted,795,parses_ok,FAILED,PASS,True,FAILED,False,True,True,Frozen precondition symptom matched: L2_SINGLE_KEY_ORACLE_PAYLOAD_WRAP,L2_SINGLE_KEY_ORACLE_PAYLOAD_WRAP,True,L2_SINGLE_KEY_ORACLE_PAYLOAD_WRAP,True,True,True,False,False,equivalent_extraction
qwen3_5_4b__ce115_calc_radical_simplification_l1__ab2d__seed_2026072001,ce115_calc_radical_simplification_l1,ab2d,2026072001,79e696bbe80ebb5b223515e6c5522a9c51ef28549d287dad267c05dd701c5654,854,221bf9673b0715a3c2067924274b674027683c8f2eaec1fd3f998ea46fbf9299,79e696bbe80ebb5b223515e6c5522a9c51ef28549d287dad267c05dd701c5654,79e696bbe80ebb5b223515e6c5522a9c51ef28549d287dad267c05dd701c5654,True,79e696bbe80ebb5b223515e6c5522a9c51ef28549d287dad267c05dd701c5654,79e696bbe80ebb5b223515e6c5522a9c51ef28549d287dad267c05dd701c5654,79e696bbe80ebb5b223515e6c5522a9c51ef28549d287dad267c05dd701c5654,plain_text,extracted,854,syntax_error,FAILED,FAIL,True,FAILED,False,True,False,No frozen allowlist rule triggered.,,False,,False,False,True,False,False,normalization_only
qwen3_5_4b__ce115_calc_radical_simplification_l1__ab2d__seed_2026072002,ce115_calc_radical_simplification_l1,ab2d,2026072002,d9af6acf3f2f1a9fbe9e608dc1895e06bf5879f8a1fbb98c4a0e62fd686e4858,1858,0caa2dfc1665e5c41d0f82d858dbc87856dfd5b4c4e1ac9d9819fc01261dfd12,d9af6acf3f2f1a9fbe9e608dc1895e06bf5879f8a1fbb98c4a0e62fd686e4858,d9af6acf3f2f1a9fbe9e608dc1895e06bf5879f8a1fbb98c4a0e62fd686e4858,True,d9af6acf3f2f1a9fbe9e608dc1895e06bf5879f8a1fbb98c4a0e62fd686e4858,d9af6acf3f2f1a9fbe9e608dc1895e06bf5879f8a1fbb98c4a0e62fd686e4858,0ddd4fb757580b67e7f6e9ba0c57a665a96f20e0a445ca54d97f2fe567610a25,plain_text,extracted,1858,parses_ok,FAILED,PASS,True,FAILED,False,True,True,Frozen precondition symptom matched: L2_SINGLE_KEY_ORACLE_PAYLOAD_WRAP,L2_SINGLE_KEY_ORACLE_PAYLOAD_WRAP,True,L2_SINGLE_KEY_ORACLE_PAYLOAD_WRAP,True,True,True,False,False,equivalent_extraction
qwen3_5_4b__ce115_calc_radical_simplification_l1__ab2d__seed_2026072003,ce115_calc_radical_simplification_l1,ab2d,2026072003,35238560565b63fb63f5545b1762f068e7b22862ac21ee0503cdad73c8834a67,775,d4bb7f43267e060c3bf6eb8570b30a5bc80af9c5f1ccee378a1ea8cff9ca8a79,35238560565b63fb63f5545b1762f068e7b22862ac21ee0503cdad73c8834a67,35238560565b63fb63f5545b1762f068e7b22862ac21ee0503cdad73c8834a67,True,35238560565b63fb63f5545b1762f068e7b22862ac21ee0503cdad73c8834a67,35238560565b63fb63f5545b1762f068e7b22862ac21ee0503cdad73c8834a67,35238560565b63fb63f5545b1762f068e7b22862ac21ee0503cdad73c8834a67,plain_text,extracted,775,parses_ok,PASSED,PASS,False,PASSED,False,False,,,,False,,False,False,True,False,False,equivalent_extraction
qwen3_5_4b__ce115_calc_radical_simplification_l1__ab2d__seed_2026072004,ce115_calc_radical_simplification_l1,ab2d,2026072004,c61514eade35ad20e479657408eaaab3b64e1176cdde5ea7ebc5457c9f47d6f5,1588,f7d286f3450321130a21b67cbbcac3692041b721e5a6d5cf5df8adae3c1efe13,c61514eade35ad20e479657408eaaab3b64e1176cdde5ea7ebc5457c9f47d6f5,c61514eade35ad20e479657408eaaab3b64e1176cdde5ea7ebc5457c9f47d6f5,True,c61514eade35ad20e479657408eaaab3b64e1176cdde5ea7ebc5457c9f47d6f5,c61514eade35ad20e479657408eaaab3b64e1176cdde5ea7ebc5457c9f47d6f5,c61514eade35ad20e479657408eaaab3b64e1176cdde5ea7ebc5457c9f47d6f5,plain_text,extracted,1588,parses_ok,PASSED,PASS,False,PASSED,False,False,,,,False,,False,False,True,False,False,equivalent_extraction
qwen3_5_4b__ce115_calc_radical_simplification_l1__ab2d_spec_v2__seed_2026071301,ce115_calc_radical_simplification_l1,ab2d_spec_v2,2026071301,60a3fdf98655d45c3c258d9d645e3f3d4c306a76ece3955779e1cf57bc9ff788,789,7eff902ac04163abf8da1e3663aec3619d0cc983f52fb0ca4f18c860a824e6d7,b2006e371ba0db41cb0bf5639a8bc10001f58b25a58ed3186028ea9e727e1a9d,60a3fdf98655d45c3c258d9d645e3f3d4c306a76ece3955779e1cf57bc9ff788,True,b2006e371ba0db41cb0bf5639a8bc10001f58b25a58ed3186028ea9e727e1a9d,b2006e371ba0db41cb0bf5639a8bc10001f58b25a58ed3186028ea9e727e1a9d,a03ab5c3aa293ec62608839352f34456f0252a5d8752f31674ea58a39a2d33f2,fenced_python,extracted,776,parses_ok,FAILED,PASS,True,FAILED,False,True,True,Frozen precondition symptom matched: L2_SINGLE_KEY_ORACLE_PAYLOAD_WRAP,L2_SINGLE_KEY_ORACLE_PAYLOAD_WRAP,True,L2_SINGLE_KEY_ORACLE_PAYLOAD_WRAP,True,True,True,False,False,equivalent_extraction
qwen3_5_4b__ce115_calc_radical_simplification_l1__ab2d_spec_v2__seed_2026072001,ce115_calc_radical_simplification_l1,ab2d_spec_v2,2026072001,f88698d1be81ad036e80ed610d424829df58a00e2b9620ef31ac619e6d45d07d,817,1306bcbdac0f6571c641389961e01f833093d39f6f9fd04fbcc4a090d7a90706,922f8121a3215f692ec6fb097acc6ec5c01d5aeb1bf3a81fd7bc51d4bdd0b880,f88698d1be81ad036e80ed610d424829df58a00e2b9620ef31ac619e6d45d07d,True,922f8121a3215f692ec6fb097acc6ec5c01d5aeb1bf3a81fd7bc51d4bdd0b880,922f8121a3215f692ec6fb097acc6ec5c01d5aeb1bf3a81fd7bc51d4bdd0b880,922f8121a3215f692ec6fb097acc6ec5c01d5aeb1bf3a81fd7bc51d4bdd0b880,fenced_python,extracted,804,syntax_error,FAILED,FAIL,True,FAILED,False,True,False,No frozen allowlist rule triggered.,,False,,False,False,True,False,False,normalization_only
qwen3_5_4b__ce115_calc_radical_simplification_l1__ab2d_spec_v2__seed_2026072002,ce115_calc_radical_simplification_l1,ab2d_spec_v2,2026072002,e49859417a3ad4554882a6c036b181c66af6afae6b9da9733c89f2aa34da1a67,6060,ca70aecefc25e910cda1b974fbdeabddb6caa5f4cac2fd80ade19941adb9c846,886c2378a0b895d79ade89c9026906c5b452eb5f360be0ffe0788b620e518063,e49859417a3ad4554882a6c036b181c66af6afae6b9da9733c89f2aa34da1a67,True,886c2378a0b895d79ade89c9026906c5b452eb5f360be0ffe0788b620e518063,886c2378a0b895d79ade89c9026906c5b452eb5f360be0ffe0788b620e518063,886c2378a0b895d79ade89c9026906c5b452eb5f360be0ffe0788b620e518063,fenced_python,extracted,6047,parses_ok,FAILED,PASS,True,FAILED,False,True,False,No frozen allowlist rule triggered.,,False,,False,False,True,False,False,equivalent_extraction
qwen3_5_4b__ce115_calc_radical_simplification_l1__ab2d_spec_v2__seed_2026072003,ce115_calc_radical_simplification_l1,ab2d_spec_v2,2026072003,2bcb7a30371ff8d81fa4c0148e295217cc6a8b3694678d0af56b4b5aac287dea,940,393eab8640efcc9ed36a88fb54518a79f732862d1cee6c42ee8f99b9714536aa,2bcb7a30371ff8d81fa4c0148e295217cc6a8b3694678d0af56b4b5aac287dea,2bcb7a30371ff8d81fa4c0148e295217cc6a8b3694678d0af56b4b5aac287dea,True,2bcb7a30371ff8d81fa4c0148e295217cc6a8b3694678d0af56b4b5aac287dea,2bcb7a30371ff8d81fa4c0148e295217cc6a8b3694678d0af56b4b5aac287dea,2bcb7a30371ff8d81fa4c0148e295217cc6a8b3694678d0af56b4b5aac287dea,plain_text,extracted,940,parses_ok,PASSED,PASS,False,PASSED,False,False,,,,False,,False,False,True,False,False,equivalent_extraction
qwen3_5_4b__ce115_calc_radical_simplification_l1__ab2d_spec_v2__seed_2026072004,ce115_calc_radical_simplification_l1,ab2d_spec_v2,2026072004,b1527289c238f040757e6cbe4df8c2e017f67ca91968f140a70bff1569bb6970,930,7fa58a82be1f6d477560245e009f69175b3e8ed6e4b78b1437419ddc8cc6a945,75a940c18efa196418d7400871f5da0f2377bfe426815eef98504a9ba8fc93d3,b1527289c238f040757e6cbe4df8c2e017f67ca91968f140a70bff1569bb6970,True,75a940c18efa196418d7400871f5da0f2377bfe426815eef98504a9ba8fc93d3,75a940c18efa196418d7400871f5da0f2377bfe426815eef98504a9ba8fc93d3,75a940c18efa196418d7400871f5da0f2377bfe426815eef98504a9ba8fc93d3,fenced_python,extracted,917,parses_ok,PASSED,PASS,False,PASSED,False,False,,,,False,,False,False,True,False,False,equivalent_extraction
qwen3_5_4b__ce115_calc_radical_simplification_l1__ab2g__seed_2026071301,ce115_calc_radical_simplification_l1,ab2g,2026071301,a1371a4a90c30cae420319eaec25a683b08655c50e69d645df70db21bab397a8,499,959d7de1a94f12cee57ead7b4cabc059a4c9dfa540ad29c16fa687dae5ecad30,a1371a4a90c30cae420319eaec25a683b08655c50e69d645df70db21bab397a8,a1371a4a90c30cae420319eaec25a683b08655c50e69d645df70db21bab397a8,True,a1371a4a90c30cae420319eaec25a683b08655c50e69d645df70db21bab397a8,a1371a4a90c30cae420319eaec25a683b08655c50e69d645df70db21bab397a8,a1371a4a90c30cae420319eaec25a683b08655c50e69d645df70db21bab397a8,plain_text,extracted,499,parses_ok,PASSED,PASS,False,PASSED,False,False,,,,False,,False,False,True,False,False,equivalent_extraction
qwen3_5_4b__ce115_calc_radical_simplification_l1__ab2g__seed_2026072001,ce115_calc_radical_simplification_l1,ab2g,2026072001,54aa560eb2a14b4cee274efc0f431ecb6128702646964baab0ea07ec288880da,555,c8848270ba362940ebd2020c09d19096e54492801e041ece264ce2665bda540e,54aa560eb2a14b4cee274efc0f431ecb6128702646964baab0ea07ec288880da,54aa560eb2a14b4cee274efc0f431ecb6128702646964baab0ea07ec288880da,True,54aa560eb2a14b4cee274efc0f431ecb6128702646964baab0ea07ec288880da,54aa560eb2a14b4cee274efc0f431ecb6128702646964baab0ea07ec288880da,54aa560eb2a14b4cee274efc0f431ecb6128702646964baab0ea07ec288880da,plain_text,extracted,555,parses_ok,PASSED,PASS,False,PASSED,False,False,,,,False,,False,False,True,False,False,equivalent_extraction
qwen3_5_4b__ce115_calc_radical_simplification_l1__ab2g__seed_2026072002,ce115_calc_radical_simplification_l1,ab2g,2026072002,ae53283a29eaffd1dd875344cbae723dbf1b87a77b55afe5707ba07d1ae606f2,640,e3652566496d5ba3cbda9fc3ea373a784bccbcf14e522355893a7cb030cfd5e9,ae53283a29eaffd1dd875344cbae723dbf1b87a77b55afe5707ba07d1ae606f2,ae53283a29eaffd1dd875344cbae723dbf1b87a77b55afe5707ba07d1ae606f2,True,ae53283a29eaffd1dd875344cbae723dbf1b87a77b55afe5707ba07d1ae606f2,ae53283a29eaffd1dd875344cbae723dbf1b87a77b55afe5707ba07d1ae606f2,ae53283a29eaffd1dd875344cbae723dbf1b87a77b55afe5707ba07d1ae606f2,plain_text,extracted,640,parses_ok,FAILED,PASS,True,FAILED,False,True,False,No frozen allowlist rule triggered.,,False,,False,False,True,False,False,equivalent_extraction
qwen3_5_4b__ce115_calc_radical_simplification_l1__ab2g__seed_2026072003,ce115_calc_radical_simplification_l1,ab2g,2026072003,958bc0196d4081b3d021b19391952d3d63ff88b549c02c359a35890fbb6a5c4b,1528,87cd00958a0d89e2e3bfc35dbaece61e5293b58a6bc7bc1cd14b521c258863fe,958bc0196d4081b3d021b19391952d3d63ff88b549c02c359a35890fbb6a5c4b,958bc0196d4081b3d021b19391952d3d63ff88b549c02c359a35890fbb6a5c4b,True,958bc0196d4081b3d021b19391952d3d63ff88b549c02c359a35890fbb6a5c4b,958bc0196d4081b3d021b19391952d3d63ff88b549c02c359a35890fbb6a5c4b,958bc0196d4081b3d021b19391952d3d63ff88b549c02c359a35890fbb6a5c4b,plain_text,extracted,1528,parses_ok,FAILED,PASS,True,FAILED,False,True,False,No frozen allowlist rule triggered.,,False,,False,False,True,False,False,equivalent_extraction
qwen3_5_4b__ce115_calc_radical_simplification_l1__ab2g__seed_2026072004,ce115_calc_radical_simplification_l1,ab2g,2026072004,f1cdc7513e0fc6e6018f490315755a16492c5ff13b61895aabe1821a8d634a24,1108,0445c4b3b4769ee353898aa286e1eca1cf022afd27ea5e2ef1da99b680d4b392,f1cdc7513e0fc6e6018f490315755a16492c5ff13b61895aabe1821a8d634a24,f1cdc7513e0fc6e6018f490315755a16492c5ff13b61895aabe1821a8d634a24,True,f1cdc7513e0fc6e6018f490315755a16492c5ff13b61895aabe1821a8d634a24,f1cdc7513e0fc6e6018f490315755a16492c5ff13b61895aabe1821a8d634a24,f1cdc7513e0fc6e6018f490315755a16492c5ff13b61895aabe1821a8d634a24,plain_text,extracted,1108,parses_ok,FAILED,PASS,True,FAILED,False,True,False,No frozen allowlist rule triggered.,,False,,False,False,True,False,False,equivalent_extraction
